Country ,Country Code,Indicator Name,Indicator Code,1960,1961,1962,1963,1964,1965,1966,1967,1968,1969,1970,1971,1972,1973,1974,1975,1976,1977,1978,1979,1980,1981,1982,1983,1984,1985,1986,1987,1988,1989,1990,1991,1992,1993,1994,1995,1996,1997,1998,1999,2000,2001,2002,2003,2004,2005,2006,2007,2008,2009,2010,2011,2012,2013,2014,2015,2016,2017,male,2019
Aruba,ABW,"Unemployment, male (% of male labor force) (modeled ILO estimate)",SL.UEM.TOTL.MA.ZS,,,,,,,,,,,,,,,,,,,,,,,,,,,,,,,,,,,,,,,,,,,,,,,,,,,,,,,,,,,,
Africa Eastern and Southern,AFE,"Unemployment, male (% of male labor force) (modeled ILO estimate)",SL.UEM.TOTL.MA.ZS,,,,,,,,,,,,,,,,,,,,,,,,,,,,,,,,7.638108804,7.711147218,7.817676809,7.821144504,7.763395169,7.730166536,7.722041904,7.609027909,7.583395843,7.482934347,7.487667498,7.524147056,7.37788379,6.876013664,6.623517869,6.349457196,6.104751051,5.867502476,6.01505974,6.396161916,6.273448561,6.158841305,6.050385203,5.984399533,6.017501963,6.10596692,6.098260394,6.002257153,6.073359801
Afghanistan,AFG,"Unemployment, male (% of male labor force) (modeled ILO estimate)",SL.UEM.TOTL.MA.ZS,,,,,,,,,,,,,,,,,,,,,,,,,,,,,,,,10.82,10.88,11.06,11.09,11.04,11.12,11.08,11.08,11.13,11.1,11.07,11.08,11.1,11,10.87,10.75,10.5,10.53,10.81,10.92,10.9,10.88,10.89,10.78,10.68,10.57,10.42,10.29,10.19
Africa Western and Central,AFW,"Unemployment, male (% of male labor force) (modeled ILO estimate)",SL.UEM.TOTL.MA.ZS,,,,,,,,,,,,,,,,,,,,,,,,,,,,,,,,4.527224039,4.564062571,4.592040861,4.596609053,4.540935083,4.572596801,4.601737101,4.654692059,4.861025631,4.887745331,4.784381479,4.679203123,4.635641874,4.576027626,4.571136025,4.423553819,4.316047996,4.183060545,4.28584596,4.212112267,4.256343413,4.361097777,4.182641928,4.168159016,4.107902148,5.002742012,5.563806848,5.899557317,6.241558582
Angola,AGO,"Unemployment, male (% of male labor force) (modeled ILO estimate)",SL.UEM.TOTL.MA.ZS,,,,,,,,,,,,,,,,,,,,,,,,,,,,,,,,4.83,4.68,4.74,4.76,4.73,4.67,4.76,4.7,4.8,4.89,4.86,4.79,4.88,4.77,4.68,4.64,4.52,4.49,4.71,7.95,7.01,6.93,6.99,6.91,6.88,6.9,6.78,6.72,6.63
Albania,ALB,"Unemployment, male (% of male labor force) (modeled ILO estimate)",SL.UEM.TOTL.MA.ZS,,,,,,,,,,,,,,,,,,,,,,,,,,,,,,,,16.69,16.56,16.42,16.41,16.39,16.42,16.67,16.38,16.38,16.33,16.25,16.34,16.32,16.22,16.07,15.85,15.65,12.55,12.21,12.76,13.27,14.78,17.63,19.81,17.25,16.12,14.41,12.62,11.58
Andorra,AND,"Unemployment, male (% of male labor force) (modeled ILO estimate)",SL.UEM.TOTL.MA.ZS,,,,,,,,,,,,,,,,,,,,,,,,,,,,,,,,,,,,,,,,,,,,,,,,,,,,,,,,,,,,
Arab World,ARB,"Unemployment, male (% of male labor force) (modeled ILO estimate)",SL.UEM.TOTL.MA.ZS,,,,,,,,,,,,,,,,,,,,,,,,,,,,,,,,10.44887173,11.28382292,11.85511183,11.78360446,12.05325709,11.37734582,10.76012368,10.80403774,10.95958089,11.15293797,10.99071637,10.88718464,10.85055706,9.620851345,9.399976125,8.59380724,8.292879487,7.914168002,7.044385406,7.004785581,8.082066079,8.183018921,8.210358054,8.281236708,8.222691323,7.933856292,8.141571911,7.7885134,7.736826718
United Arab Emirates,ARE,"Unemployment, male (% of male labor force) (modeled ILO estimate)",SL.UEM.TOTL.MA.ZS,,,,,,,,,,,,,,,,,,,,,,,,,,,,,,,,1.68,1.7,1.69,1.7,1.73,1.83,1.92,2.01,2.1,2.19,2.28,2.35,2.38,2.45,2.56,2.56,2.47,2.36,2.02,1.92,1.72,1.54,1.4,1.35,1.22,1.12,1.48,1.39,1.42
Argentina,ARG,"Unemployment, male (% of male labor force) (modeled ILO estimate)",SL.UEM.TOTL.MA.ZS,,,,,,,,,,,,,,,,,,,,,,,,,,,,,,,,5.24,6.12,8.4,10.24,16.42,15.63,12.79,11.64,13.25,14.02,17.41,20.13,13.79,11.87,10.03,8.4,7.01,6.5,7.78,6.67,6.25,6.08,6.12,6.49,6.84,7.12,7.53,8.23,9.19
Armenia,ARM,"Unemployment, male (% of male labor force) (modeled ILO estimate)",SL.UEM.TOTL.MA.ZS,,,,,,,,,,,,,,,,,,,,,,,,,,,,,,,,1.15,1.31,3.55,4.97,3.75,4.61,5.42,5.75,7.71,8.05,8.37,8.69,9.03,9.4,9.58,9.73,9.85,13.08,17.36,17.09,17.37,16.52,14.43,15.75,17.39,17.73,17.91,17.83,17.65
American Samoa,ASM,"Unemployment, male (% of male labor force) (modeled ILO estimate)",SL.UEM.TOTL.MA.ZS,,,,,,,,,,,,,,,,,,,,,,,,,,,,,,,,,,,,,,,,,,,,,,,,,,,,,,,,,,,,
Antigua and Barbuda,ATG,"Unemployment, male (% of male labor force) (modeled ILO estimate)",SL.UEM.TOTL.MA.ZS,,,,,,,,,,,,,,,,,,,,,,,,,,,,,,,,,,,,,,,,,,,,,,,,,,,,,,,,,,,,
Australia,AUS,"Unemployment, male (% of male labor force) (modeled ILO estimate)",SL.UEM.TOTL.MA.ZS,,,,,,,,,,,,,,,,,,,,,,,,,,,,,,,,9.89,11.31,11.51,9.98,8.74,8.71,8.58,7.94,7.04,6.46,6.98,6.53,5.89,5.28,4.88,4.67,4.04,3.96,5.69,5.08,4.9,5.14,5.71,6,6.04,5.65,5.53,5.28,5.21
Austria,AUT,"Unemployment, male (% of male labor force) (modeled ILO estimate)",SL.UEM.TOTL.MA.ZS,,,,,,,,,,,,,,,,,,,,,,,,,,,,,,,,3.33,3.46,4.07,3.21,3.93,5.34,5.06,5.47,4.65,4.76,3.91,5.11,5.13,5.79,5.44,4.94,4.49,3.89,5.49,4.98,4.55,4.93,5.37,5.83,6.09,6.43,5.91,5.02,4.61
Azerbaijan,AZE,"Unemployment, male (% of male labor force) (modeled ILO estimate)",SL.UEM.TOTL.MA.ZS,,,,,,,,,,,,,,,,,,,,,,,,,,,,,,,,0.9,1.78,4.32,6.09,6.81,7.52,8.31,9.17,9.95,10.88,10.33,9.72,9.07,7.94,7.24,6.89,7.1,6.16,4.94,4.39,4.43,4.32,4.04,4.02,4.09,4.14,4.12,4.08,4.01
Burundi,BDI,"Unemployment, male (% of male labor force) (modeled ILO estimate)",SL.UEM.TOTL.MA.ZS,,,,,,,,,,,,,,,,,,,,,,,,,,,,,,,,2.31,2.32,2.38,2.43,2.43,2.39,2.42,2.44,2.49,2.46,2.45,2.48,2.44,2.39,2.37,2.28,2.21,2.17,2.28,2.23,2.17,2.13,2.1,2.03,2.03,1.99,1.96,1.92,1.9
Belgium,BEL,"Unemployment, male (% of male labor force) (modeled ILO estimate)",SL.UEM.TOTL.MA.ZS,,,,,,,,,,,,,,,,,,,,,,,,,,,,,,,,4.56,4.8,6.16,7.7,7.31,7.41,7.09,7.58,7.47,5.31,5.63,6.25,7.44,6.65,7.6,7.4,6.67,6.47,7.75,8.11,7.11,7.65,8.64,9.02,9.09,8.06,7.11,6.28,5.73
Benin,BEN,"Unemployment, male (% of male labor force) (modeled ILO estimate)",SL.UEM.TOTL.MA.ZS,,,,,,,,,,,,,,,,,,,,,,,,,,,,,,,,2.15,2.17,2.07,1.94,1.75,1.63,1.48,1.36,1.25,1.12,1.01,0.92,0.95,0.95,0.96,0.92,0.9,0.9,0.95,0.94,2.43,2.44,2.45,2.43,2.39,2.31,2.24,2.2,2.17
Burkina Faso,BFA,"Unemployment, male (% of male labor force) (modeled ILO estimate)",SL.UEM.TOTL.MA.ZS,,,,,,,,,,,,,,,,,,,,,,,,,,,,,,,,2.34,2.46,2.43,2.47,2.4,2.37,2.38,2.31,2.37,2.43,2.42,2.49,2.5,3.03,3.48,3.17,2.82,2.97,3.34,3.5,3.72,3.84,3.94,3.99,4.34,4.55,4.68,4.75,4.69
Bangladesh,BGD,"Unemployment, male (% of male labor force) (modeled ILO estimate)",SL.UEM.TOTL.MA.ZS,,,,,,,,,,,,,,,,,,,,,,,,,,,,,,,,2.23,2.31,2.43,2.5,2.56,2.62,2.77,2.93,3.11,3.25,3.55,3.88,4.16,3.79,3.38,2.69,3.03,3.47,4.19,3.01,3.1,3.18,3.23,3.2,3.17,3.13,3.35,3.26,3.2
Bulgaria,BGR,"Unemployment, male (% of male labor force) (modeled ILO estimate)",SL.UEM.TOTL.MA.ZS,,,,,,,,,,,,,,,,,,,,,,,,,,,,,,,,13.7,13.77,14.02,13.97,13.87,13.99,13.89,12.57,14.05,16.56,20.86,18.77,14.2,12.4,10.3,8.65,6.52,5.48,6.98,10.86,12.26,13.52,13.9,12.31,9.78,8.1,6.35,5.69,4.54
Bahrain,BHR,"Unemployment, male (% of male labor force) (modeled ILO estimate)",SL.UEM.TOTL.MA.ZS,,,,,,,,,,,,,,,,,,,,,,,,,,,,,,,,0.33,0.28,0.27,0.27,0.32,0.32,0.32,0.32,0.35,0.35,0.4,0.39,0.38,0.4,0.4,0.45,0.47,0.47,0.45,0.44,0.49,0.47,0.47,0.48,0.54,0.59,0.62,0.69,0.75
"Bahamas, The",BHS,"Unemployment, male (% of male labor force) (modeled ILO estimate)",SL.UEM.TOTL.MA.ZS,,,,,,,,,,,,,,,,,,,,,,,,,,,,,,,,12.23,13.92,12.45,12.61,10.02,8.62,8.32,5.68,5.77,6.13,6.72,8.6,9.95,9.53,9.27,7.06,6.74,7.18,14.45,14.17,13.75,14.07,16.11,13.03,11.08,11.07,8.34,10.05,10.09
Bosnia and Herzegovina,BIH,"Unemployment, male (% of male labor force) (modeled ILO estimate)",SL.UEM.TOTL.MA.ZS,,,,,,,,,,,,,,,,,,,,,,,,,,,,,,,,15.19,16.03,16.96,17.49,18.23,19.01,19.93,20.86,21.99,23.05,24.06,25.07,26.13,27.06,28.1,28.92,26.72,21.41,23.11,25.68,26.1,26.35,26.53,25.14,25.75,22.48,18.84,17.18,13.62
Belarus,BLR,"Unemployment, male (% of male labor force) (modeled ILO estimate)",SL.UEM.TOTL.MA.ZS,,,,,,,,,,,,,,,,,,,,,,,,,,,,,,,,1.09,4.33,10.18,14.69,19.69,26.04,18.66,15.62,14.51,13.65,12.9,12.24,11.48,10.66,9.94,9.15,8.43,7.77,7.55,7.49,7.51,7.56,7.55,7.5,7.53,7.47,7.23,5.92,5.88
Belize,BLZ,"Unemployment, male (% of male labor force) (modeled ILO estimate)",SL.UEM.TOTL.MA.ZS,,,,,,,,,,,,,,,,,,,,,,,,,,,,,,,,7.29,7.58,7.76,9.09,10.05,11.69,9.04,10.84,9.13,7.22,5.84,7.4,7.37,7.45,7.4,6.2,5.9,5.56,5.86,5.85,5.83,5.8,5.82,4.75,5.43,4.39,4.59,4.48,4.43
Bermuda,BMU,"Unemployment, male (% of male labor force) (modeled ILO estimate)",SL.UEM.TOTL.MA.ZS,,,,,,,,,,,,,,,,,,,,,,,,,,,,,,,,,,,,,,,,,,,,,,,,,,,,,,,,,,,,
Bolivia,BOL,"Unemployment, male (% of male labor force) (modeled ILO estimate)",SL.UEM.TOTL.MA.ZS,,,,,,,,,,,,,,,,,,,,,,,,,,,,,,,,2.22,2.35,2.34,2.35,2.34,2.34,2.3,2.28,2.46,2.38,2.4,2.39,2.38,2.31,2.24,2.15,2.09,2,2.41,2.16,1.88,1.5,1.97,1.38,2.56,3.1,3.35,3.45,3.39
Brazil,BRA,"Unemployment, male (% of male labor force) (modeled ILO estimate)",SL.UEM.TOTL.MA.ZS,,,,,,,,,,,,,,,,,,,,,,,,,,,,,,,,5.45,5.51,5.23,5.3,5.4,5.86,6.49,7.43,8.19,7.91,7.82,7.62,8.09,7.02,7.38,6.62,6.25,5.42,6.4,5.62,5.09,5.81,5.66,5.59,7.21,10.21,11.37,10.87,10.2
Barbados,BRB,"Unemployment, male (% of male labor force) (modeled ILO estimate)",SL.UEM.TOTL.MA.ZS,,,,,,,,,,,,,,,,,,,,,,,,,,,,,,,,20.09,20.5,21.67,18.43,16.73,11.79,11.43,8.54,7.93,7.44,8.01,8.55,9.54,8.74,7.45,7.7,6.44,6.87,10.15,10.9,9.8,10.94,11.66,11.69,12.35,9.35,9.54,9.8,9.87
Brunei Darussalam,BRN,"Unemployment, male (% of male labor force) (modeled ILO estimate)",SL.UEM.TOTL.MA.ZS,,,,,,,,,,,,,,,,,,,,,,,,,,,,,,,,3.71,3.7,3.75,3.89,3.9,3.98,4.17,4.35,4.37,4.39,4.51,4.6,4.69,4.89,5.1,5.23,5.39,5.67,5.63,5.64,5.66,5.77,6.01,6.29,7.05,7.87,8.82,7.71,5.96
Bhutan,BTN,"Unemployment, male (% of male labor force) (modeled ILO estimate)",SL.UEM.TOTL.MA.ZS,,,,,,,,,,,,,,,,,,,,,,,,,,,,,,,,1.39,1.42,1.45,1.45,1.41,1.4,1.4,1.4,1.23,1.22,1.17,1.18,1.22,1.87,2.93,2.62,2.88,2.65,2.73,2.76,1.99,1.91,2.24,1.98,1.9,1.84,1.8,1.78,1.75
Botswana,BWA,"Unemployment, male (% of male labor force) (modeled ILO estimate)",SL.UEM.TOTL.MA.ZS,,,,,,,,,,,,,,,,,,,,,,,,,,,,,,,,11.51,14.05,16.71,19.85,19.6,19.66,19.08,18.68,16.58,14.76,15.63,18.35,21.54,19.63,17.71,15.74,14.46,13.38,13.08,14.66,14.71,14.72,14.57,14.67,14.71,14.48,14.37,14.18,14.05
Central African Republic,CAF,"Unemployment, male (% of male labor force) (modeled ILO estimate)",SL.UEM.TOTL.MA.ZS,,,,,,,,,,,,,,,,,,,,,,,,,,,,,,,,4.11,4.16,4.24,4.25,4.29,4.35,4.29,4.29,4.32,4.31,4.29,4.32,4.36,4.3,4.22,4.14,4.05,3.99,4.18,4.21,4.23,4.22,4.3,4.05,4.14,4.12,4.04,3.96,3.89
Canada,CAN,"Unemployment, male (% of male labor force) (modeled ILO estimate)",SL.UEM.TOTL.MA.ZS,,,,,,,,,,,,,,,,,,,,,,,,,,,,,,,,10.82,12.01,11.95,10.88,9.8,9.89,9.25,8.52,7.83,6.94,7.53,8.13,7.93,7.48,7.01,6.52,6.38,6.57,9.53,8.79,7.96,7.71,7.5,7.38,7.46,7.68,6.78,6.14,6.03
Central Europe and the Baltics,CEB,"Unemployment, male (% of male labor force) (modeled ILO estimate)",SL.UEM.TOTL.MA.ZS,,,,,,,,,,,,,,,,,,,,,,,,,,,,,,,,9.703596276,9.938816467,10.93662965,10.88981526,10.47969534,9.605179787,8.47295069,8.438836281,10.21934888,11.9707204,12.87216179,13.48368672,12.67271727,12.7766874,11.51827068,9.689301006,7.484668715,6.29626872,8.508910325,9.965950958,9.709862975,9.846913393,9.883889275,8.771491438,7.740700115,6.526638973,5.321175878,4.328375006,3.720121973
Switzerland,CHE,"Unemployment, male (% of male labor force) (modeled ILO estimate)",SL.UEM.TOTL.MA.ZS,,,,,,,,,,,,,,,,,,,,,,,,,,,,,,,,1.22,2.26,3.07,3.47,2.88,3.41,4.37,3.17,2.81,2.3,1.7,2.78,3.81,3.94,3.89,3.4,2.93,2.82,3.77,4.48,4.07,4.28,4.6,4.69,4.7,4.84,4.57,4.37,4.12
Channel Islands,CHI,"Unemployment, male (% of male labor force) (modeled ILO estimate)",SL.UEM.TOTL.MA.ZS,,,,,,,,,,,,,,,,,,,,,,,,,,,,,,,,5.59,5.6,5.49,5.43,5.45,5.54,5.55,5.56,5.65,5.67,5.81,6.03,6.09,6.13,6.09,6.1,6.09,6.23,6.39,6.38,6.26,6.29,6.33,6.39,6.46,6.6,6.72,6.87,6.96
Chile,CHL,"Unemployment, male (% of male labor force) (modeled ILO estimate)",SL.UEM.TOTL.MA.ZS,,,,,,,,,,,,,,,,,,,,,,,,,,,,,,,,5.02,3.89,4.19,5.43,4.43,6.12,5.87,6.24,10.13,9.43,9.58,9.31,8.53,8.53,7.62,7.41,6.94,7.49,9.95,7.44,6.31,5.65,5.55,6.34,6.06,6.37,6.6,6.69,6.76
China,CHN,"Unemployment, male (% of male labor force) (modeled ILO estimate)",SL.UEM.TOTL.MA.ZS,,,,,,,,,,,,,,,,,,,,,,,,,,,,,,,,2.66,2.66,2.99,3.21,3.32,3.43,3.55,3.55,3.66,3.66,4.21,4.65,5.09,4.98,4.98,4.87,4.76,5.09,5.2,4.97,4.97,5.08,5.08,5.08,5.08,4.97,4.86,4.75,5.08
Cote d'Ivoire,CIV,"Unemployment, male (% of male labor force) (modeled ILO estimate)",SL.UEM.TOTL.MA.ZS,,,,,,,,,,,,,,,,,,,,,,,,,,,,,,,,6.76,6.85,5.97,5.06,4.13,4.12,4.13,4.13,4.4,4.63,4.8,5.09,5.29,5.45,5.59,5.7,5.79,5.94,6.47,6.76,7.14,7.15,3.64,3.06,2.54,2.09,2.87,2.81,2.76
Cameroon,CMR,"Unemployment, male (% of male labor force) (modeled ILO estimate)",SL.UEM.TOTL.MA.ZS,,,,,,,,,,,,,,,,,,,,,,,,,,,,,,,,9.41,9.49,9.65,9.68,9.54,9.49,9.21,8.97,8.8,8.48,8.18,7.07,6.03,4.98,4.21,3.36,2.65,2.81,3.17,3.41,3.34,3.27,3.19,3.08,3.06,3.04,3,2.94,2.9
"Congo, Dem. Rep.",COD,"Unemployment, male (% of male labor force) (modeled ILO estimate)",SL.UEM.TOTL.MA.ZS,,,,,,,,,,,,,,,,,,,,,,,,,,,,,,,,3.41,3.4,3.5,3.54,3.55,3.51,3.45,3.42,3.57,3.56,3.55,3.59,3.57,3.55,3.5,3.65,3.8,4.01,4.43,4.71,5.02,5.31,5.31,5.21,5.19,5.17,5.09,5.01,4.96
"Congo, Rep.",COG,"Unemployment, male (% of male labor force) (modeled ILO estimate)",SL.UEM.TOTL.MA.ZS,,,,,,,,,,,,,,,,,,,,,,,,,,,,,,,,18.66,18.75,18.99,18.97,18.79,18.8,19.05,18.85,19.12,18.76,18.81,18.88,18.98,18.83,18.54,17.15,15.96,14.7,13.93,12.36,10.89,9.32,9.32,9.07,9.08,9.16,9.21,9.12,8.98
Colombia,COL,"Unemployment, male (% of male labor force) (modeled ILO estimate)",SL.UEM.TOTL.MA.ZS,,,,,,,,,,,,,,,,,,,,,,,,,,,,,,,,7.73,6.87,5.46,5.38,6.85,9.55,9.96,12.71,17.53,17.35,12,12.55,11,10.69,9.09,8.87,8.74,8.87,9.36,8.64,7.91,7.54,7.07,6.72,6.36,6.78,6.87,7.09,7.88
Comoros,COM,"Unemployment, male (% of male labor force) (modeled ILO estimate)",SL.UEM.TOTL.MA.ZS,,,,,,,,,,,,,,,,,,,,,,,,,,,,,,,,4.3,4.21,4.39,4.38,4.32,4.41,4.35,4.39,4.39,4.41,4.34,4.4,4.41,4.36,4.55,4.73,4.82,5,5.49,5.77,6.03,6.29,6.54,6.75,6.67,6.6,6.51,6.42,6.29
Cabo Verde,CPV,"Unemployment, male (% of male labor force) (modeled ILO estimate)",SL.UEM.TOTL.MA.ZS,,,,,,,,,,,,,,,,,,,,,,,,,,,,,,,,10.59,10.62,10.61,10.63,10.62,10.64,10.59,10.59,10.52,10.61,10.6,10.63,10.59,10.55,10.44,10.21,9.99,10,10.49,10.45,10.62,11,11.3,11.44,11.61,11.69,11.83,12.66,12.55
Costa Rica,CRI,"Unemployment, male (% of male labor force) (modeled ILO estimate)",SL.UEM.TOTL.MA.ZS,,,,,,,,,,,,,,,,,,,,,,,,,,,,,,,,4.67,3.36,3.52,3.39,4.59,5.26,4.91,4.22,4.89,4.33,5.14,5.58,5.79,5.41,5.03,4.27,3.19,4.14,6.58,6.01,8.56,8.58,7.69,7.64,7.6,7.22,6.82,8,9.13
Caribbean small states,CSS,"Unemployment, male (% of male labor force) (modeled ILO estimate)",SL.UEM.TOTL.MA.ZS,,,,,,,,,,,,,,,,,,,,,,,,,,,,,,,,9.344551884,9.441688798,9.924834655,9.253650132,9.249708376,8.743125186,8.882370187,8.520863446,8.556654955,8.419391008,8.435395694,8.491949175,7.638212891,7.631815947,7.274310596,6.719936078,6.186937437,6.858345495,8.031166506,8.351394806,8.30928322,8.97501037,9.298090698,8.544484063,8.463252572,8.424205735,7.791139175,7.211006255,6.710728848
Cuba,CUB,"Unemployment, male (% of male labor force) (modeled ILO estimate)",SL.UEM.TOTL.MA.ZS,,,,,,,,,,,,,,,,,,,,,,,,,,,,,,,,5.45,5.59,5.81,5.69,5.66,5.01,4.86,4.52,4.39,3.88,3.16,2.58,1.73,1.66,1.8,1.73,1.74,1.35,1.47,2.37,2.97,3.36,3.13,2.42,2.28,1.88,1.74,1.62,1.59
Curacao,CUW,"Unemployment, male (% of male labor force) (modeled ILO estimate)",SL.UEM.TOTL.MA.ZS,,,,,,,,,,,,,,,,,,,,,,,,,,,,,,,,,,,,,,,,,,,,,,,,,,,,,,,,,,,,
Cayman Islands,CYM,"Unemployment, male (% of male labor force) (modeled ILO estimate)",SL.UEM.TOTL.MA.ZS,,,,,,,,,,,,,,,,,,,,,,,,,,,,,,,,,,,,,,,,,,,,,,,,,,,,,,,,,,,,
Cyprus,CYP,"Unemployment, male (% of male labor force) (modeled ILO estimate)",SL.UEM.TOTL.MA.ZS,,,,,,,,,,,,,,,,,,,,,,,,,,,,,,,,2.04,2,2.3,2.63,2.94,3.29,3.7,4.05,4.26,3.26,2.67,2.63,3.79,3.5,4.42,3.88,3.41,3.19,5.28,6.13,8.05,12.43,16.48,17,15.03,12.62,10.87,8.04,6.28
Czech Republic,CZE,"Unemployment, male (% of male labor force) (modeled ILO estimate)",SL.UEM.TOTL.MA.ZS,,,,,,,,,,,,,,,,,,,,,,,,,,,,,,,,2.43,3.09,3.42,3.58,3.4,3.29,3.6,4.59,7.17,7.34,6.69,5.8,5.86,7.06,6.45,5.81,4.22,3.46,5.85,6.38,5.8,6.02,5.9,5.1,4.23,3.38,2.34,1.79,1.72
Germany,DEU,"Unemployment, male (% of male labor force) (modeled ILO estimate)",SL.UEM.TOTL.MA.ZS,,,,,,,,,,,,,,,,,,,,,,,,,,,,,,,,4.43,4.92,6.47,7.55,7.06,8.25,9.31,9.29,8.56,7.64,7.77,8.7,10.18,11.25,11.39,10.31,8.55,7.42,8.1,7.36,6.03,5.55,5.5,5.28,4.97,4.45,4.12,3.79,3.5
Djibouti,DJI,"Unemployment, male (% of male labor force) (modeled ILO estimate)",SL.UEM.TOTL.MA.ZS,,,,,,,,,,,,,,,,,,,,,,,,,,,,,,,,11.39,11.42,11.69,11.65,11.71,11.7,11.64,11.6,11.61,11.61,11.57,11.58,11.56,11.49,11.39,11.13,10.94,10.85,11.3,11.37,11.29,11.34,11.14,11.31,11.25,11.06,10.97,10.96,10.77
Dominica,DMA,"Unemployment, male (% of male labor force) (modeled ILO estimate)",SL.UEM.TOTL.MA.ZS,,,,,,,,,,,,,,,,,,,,,,,,,,,,,,,,,,,,,,,,,,,,,,,,,,,,,,,,,,,,
Denmark,DNK,"Unemployment, male (% of male labor force) (modeled ILO estimate)",SL.UEM.TOTL.MA.ZS,,,,,,,,,,,,,,,,,,,,,,,,,,,,,,,,8.3,8.29,10.4,7.22,5.62,5.55,4.52,3.86,4.49,4.04,3.63,4.24,5.1,5,4.44,3.33,3.45,3.34,7.07,8.62,7.9,7.8,7.12,6.73,6.06,5.64,5.64,4.94,4.8
Dominican Republic,DOM,"Unemployment, male (% of male labor force) (modeled ILO estimate)",SL.UEM.TOTL.MA.ZS,,,,,,,,,,,,,,,,,,,,,,,,,,,,,,,,4.37,4.22,4.33,4.41,4.35,4.32,4.23,4.21,4.23,4.21,5.19,4.94,5.28,4.35,4.89,3.86,3.84,3.25,4.14,4.14,4.7,5.17,5.37,4.84,5.48,5.03,4.32,3.71,4.11
Algeria,DZA,"Unemployment, male (% of male labor force) (modeled ILO estimate)",SL.UEM.TOTL.MA.ZS,,,,,,,,,,,,,,,,,,,,,,,,,,,,,,,,21.19,24.94,26.76,28.12,32.03,28.56,25.32,26.68,28.31,29.78,27.24,25.71,23.43,17.56,14.78,11.59,12.61,9.98,8.56,8.11,8.4,9.57,8.29,8.99,9.94,8.21,9.79,9.72,9.67
East Asia & Pacific (excluding high income),EAP,"Unemployment, male (% of male labor force) (modeled ILO estimate)",SL.UEM.TOTL.MA.ZS,,,,,,,,,,,,,,,,,,,,,,,,,,,,,,,,2.582132459,2.574197336,2.829967347,3.11354386,3.19756535,3.298646924,3.403204976,3.603273689,3.746588164,3.689399658,4.053092313,4.392645193,4.674744825,4.651383913,4.710497698,4.618065221,4.554372889,4.75380847,4.725239969,4.432007993,4.392227039,4.388085791,4.396838397,4.383628532,4.436397869,4.362202287,4.222587081,4.137508941,4.292005021
Early-demographic dividend,EAR,"Unemployment, male (% of male labor force) (modeled ILO estimate)",SL.UEM.TOTL.MA.ZS,,,,,,,,,,,,,,,,,,,,,,,,,,,,,,,,5.21673625,5.323228329,5.514673514,5.720329474,5.924130111,5.826275991,5.676147065,5.816209052,5.957167126,5.962361549,6.018959572,6.24112557,6.073607637,5.827654059,5.746241621,5.436002332,5.295729084,5.271683881,5.517817171,5.3539731,5.358324488,5.343262912,5.396081421,5.324881164,5.392464915,5.406845024,5.323146819,5.295978419,5.273673399
East Asia & Pacific,EAS,"Unemployment, male (% of male labor force) (modeled ILO estimate)",SL.UEM.TOTL.MA.ZS,,,,,,,,,,,,,,,,,,,,,,,,,,,,,,,,2.614353217,2.632708279,2.885766182,3.139092622,3.218822364,3.336485234,3.433428758,3.777654782,3.936515192,3.827187231,4.182218983,4.501363021,4.745695463,4.667995741,4.688221842,4.577350055,4.487662369,4.677375273,4.779337459,4.503367007,4.407281585,4.383297639,4.376936553,4.34020623,4.382860774,4.302004092,4.153888228,4.056472747,4.189312151
Europe & Central Asia (excluding high income),ECA,"Unemployment, male (% of male labor force) (modeled ILO estimate)",SL.UEM.TOTL.MA.ZS,,,,,,,,,,,,,,,,,,,,,,,,,,,,,,,,5.52324911,5.802606952,6.456468884,7.981273732,9.142606329,9.781689983,10.50905921,11.5696724,11.75330856,10.50533229,10.09219842,9.869522806,9.629085844,9.366608538,8.700561584,8.267419164,7.549453805,7.508553186,9.565958147,8.816021752,8.143855071,7.516199545,7.493735564,7.769793625,7.75266447,7.736529055,7.404667222,7.014701041,7.246940742
Europe & Central Asia,ECS,"Unemployment, male (% of male labor force) (modeled ILO estimate)",SL.UEM.TOTL.MA.ZS,,,,,,,,,,,,,,,,,,,,,,,,,,,,,,,,6.499599191,7.052250364,8.257981346,9.237590492,9.387842607,9.714711738,9.847875384,9.969201673,9.92931083,9.095381046,8.618757112,8.791740269,8.86679241,8.845784057,8.412647937,7.781146409,6.929836737,6.925265243,9.172664,9.171242355,8.830925486,9.034702715,9.247300076,9.010052215,8.557616911,8.063003688,7.407685037,6.794958505,6.614207535
Ecuador,ECU,"Unemployment, male (% of male labor force) (modeled ILO estimate)",SL.UEM.TOTL.MA.ZS,,,,,,,,,,,,,,,,,,,,,,,,,,,,,,,,3.66,3.73,3.83,3.8,3.84,3.85,3.78,3.76,3.96,3.81,3.64,4.44,5.36,4.54,3.19,3.02,2.65,3.22,3.79,3.53,2.94,2.86,2.71,3.07,3.02,3.73,3.07,2.93,3.26
"Egypt, Arab Rep.",EGY,"Unemployment, male (% of male labor force) (modeled ILO estimate)",SL.UEM.TOTL.MA.ZS,,,,,,,,,,,,,,,,,,,,,,,,,,,,,,,,5.81,6.4,7.46,7.26,7.32,6.28,5.21,4.91,4.9,5.11,5.65,6.29,7.61,6.21,7.34,6.68,5.82,5.53,5.05,4.77,8.78,9.24,9.79,9.72,9.43,8.88,8.25,6.81,6.73
Euro area,EMU,"Unemployment, male (% of male labor force) (modeled ILO estimate)",SL.UEM.TOTL.MA.ZS,,,,,,,,,,,,,,,,,,,,,,,,,,,,,,,,6.517783412,7.087923849,9.045443401,10.09141719,9.612668714,9.960967295,10.0022805,9.489269494,8.801084824,7.905940239,7.165356632,7.563427083,8.048742186,8.356859339,8.150854141,7.420571111,6.608592318,6.847281051,9.394292951,9.92146679,9.903842693,11.14951742,11.82199651,11.45014244,10.67400798,9.72293394,8.728493432,7.847711771,7.23151997
Eritrea,ERI,"Unemployment, male (% of male labor force) (modeled ILO estimate)",SL.UEM.TOTL.MA.ZS,,,,,,,,,,,,,,,,,,,,,,,,,,,,,,,,6.44,6.54,6.35,6.49,6.35,6.34,6.38,6.23,6.09,6.23,6.13,6.34,6.28,6.32,6.24,6.28,6.16,6.06,6.38,6.46,6.54,6.59,6.55,6.52,6.52,6.42,6.35,6.25,6.24
Spain,ESP,"Unemployment, male (% of male labor force) (modeled ILO estimate)",SL.UEM.TOTL.MA.ZS,,,,,,,,,,,,,,,,,,,,,,,,,,,,,,,,11.98,13.49,18.4,19.81,17.88,17.58,16.12,13.67,10.79,9.5,7.36,7.87,8.28,8.34,7.14,6.35,6.41,10.06,17.65,19.57,21.05,24.58,25.6,23.6,20.78,18.12,15.66,13.73,12.46
Estonia,EST,"Unemployment, male (% of male labor force) (modeled ILO estimate)",SL.UEM.TOTL.MA.ZS,,,,,,,,,,,,,,,,,,,,,,,,,,,,,,,,1.42,3.88,6.46,7.23,10.39,10.55,11.15,10.43,12.9,15.01,13.04,11.31,12.14,11.62,9.15,6.23,5.38,5.76,16.66,19.26,13.06,10.91,9.09,7.86,6.24,7.41,6.19,5.41,4.08
Ethiopia,ETH,"Unemployment, male (% of male labor force) (modeled ILO estimate)",SL.UEM.TOTL.MA.ZS,,,,,,,,,,,,,,,,,,,,,,,,,,,,,,,,2.84,2.87,2.89,2.97,2.93,2.87,2.87,2.78,2.68,2.53,2.4,2.27,2.13,1.94,1.83,1.75,1.7,1.66,1.75,1.74,1.69,1.67,1.66,1.62,1.6,1.58,1.53,1.51,1.48
European Union,EUU,"Unemployment, male (% of male labor force) (modeled ILO estimate)",SL.UEM.TOTL.MA.ZS,,,,,,,,,,,,,,,,,,,,,,,,,,,,,,,,7.27579019,7.794140604,9.447414264,10.15866375,9.632778264,9.716363971,9.502627058,9.056748914,8.91096983,8.52938682,8.154829665,8.652135325,8.881223437,9.175512387,8.77756741,7.845770087,6.745124708,6.648110137,9.005746189,9.68603778,9.644857628,10.6693024,11.20413776,10.68113844,9.883612275,8.893691409,7.875646462,7.003564025,6.415330222
Fragile and conflict affected situations,FCS,"Unemployment, male (% of male labor force) (modeled ILO estimate)",SL.UEM.TOTL.MA.ZS,,,,,,,,,,,,,,,,,,,,,,,,,,,,,,,,5.165105277,5.190223686,5.326838993,5.427183057,5.46781405,5.589519121,5.611467311,5.615006984,5.84824018,5.864410578,5.845641103,5.950394577,5.902495367,5.758146718,5.542082908,5.352128835,5.238057352,5.221281995,5.027235622,5.135608179,5.15547799,5.170364998,5.215861402,5.219233172,5.203047468,5.65424053,5.982055772,6.052542643,6.156209214
Finland,FIN,"Unemployment, male (% of male labor force) (modeled ILO estimate)",SL.UEM.TOTL.MA.ZS,,,,,,,,,,,,,,,,,,,,,,,,,,,,,,,,7.81,13.33,17.78,17.8,17.78,15.59,14.78,12.88,11.01,10.35,9.86,10.65,10.96,10.16,8.17,7.38,6.54,6.07,8.89,9.09,8.4,8.28,8.82,9.33,9.88,9.04,8.87,7.42,7.18
Fiji,FJI,"Unemployment, male (% of male labor force) (modeled ILO estimate)",SL.UEM.TOTL.MA.ZS,,,,,,,,,,,,,,,,,,,,,,,,,,,,,,,,3.31,3.23,3.33,3.32,3.35,3.3,3.4,3.32,3.26,3.41,3.35,3.35,3.38,3.29,3.33,3.37,3.48,3.55,3.95,4.11,4.29,4.23,4.06,3.92,3.81,3.71,3.59,3.55,3.51
France,FRA,"Unemployment, male (% of male labor force) (modeled ILO estimate)",SL.UEM.TOTL.MA.ZS,,,,,,,,,,,,,,,,,,,,,,,,,,,,,,,,7.18,8.11,9.63,11.04,10,10.61,11.03,10.37,10.37,8.55,7.01,7.78,7.59,8.08,7.81,7.86,7.27,6.72,8.68,8.7,8.54,9.44,10.04,10.53,10.77,10.22,9.44,8.99,8.5
Faroe Islands,FRO,"Unemployment, male (% of male labor force) (modeled ILO estimate)",SL.UEM.TOTL.MA.ZS,,,,,,,,,,,,,,,,,,,,,,,,,,,,,,,,,,,,,,,,,,,,,,,,,,,,,,,,,,,,
"Micronesia, Fed. Sts.",FSM,"Unemployment, male (% of male labor force) (modeled ILO estimate)",SL.UEM.TOTL.MA.ZS,,,,,,,,,,,,,,,,,,,,,,,,,,,,,,,,,,,,,,,,,,,,,,,,,,,,,,,,,,,,
Gabon,GAB,"Unemployment, male (% of male labor force) (modeled ILO estimate)",SL.UEM.TOTL.MA.ZS,,,,,,,,,,,,,,,,,,,,,,,,,,,,,,,,18.6,18.95,18.94,18.5,17.94,17.5,16.82,16.31,16.31,15.6,14.89,14.46,13.92,13.38,12.84,13.09,13.11,13.58,14.4,14.65,14.61,14.61,14.57,14.48,14.44,14.44,14.39,14.27,14.11
United Kingdom,GBR,"Unemployment, male (% of male labor force) (modeled ILO estimate)",SL.UEM.TOTL.MA.ZS,,,,,,,,,,,,,,,,,,,,,,,,,,,,,,,,9.43,11.6,12.39,11.43,10.1,9.69,8.1,6.89,6.78,6.14,5.18,5.6,5.43,4.94,5.14,5.69,5.52,6.06,8.49,8.57,8.64,8.31,7.95,6.36,5.45,4.92,4.43,4.05,3.92
Georgia,GEO,"Unemployment, male (% of male labor force) (modeled ILO estimate)",SL.UEM.TOTL.MA.ZS,,,,,,,,,,,,,,,,,,,,,,,,,,,,,,,,3.64,6.54,6.55,9.58,8.65,12.3,12.3,15.27,15.3,11.1,11.62,13.99,11.48,13.38,14.81,15.23,13.89,18.11,22.07,22.43,21.52,20.74,22.06,19.89,18.68,19.91,14.97,13.92,12.79
Ghana,GHA,"Unemployment, male (% of male labor force) (modeled ILO estimate)",SL.UEM.TOTL.MA.ZS,,,,,,,,,,,,,,,,,,,,,,,,,,,,,,,,3.76,3.81,4.36,4.96,5.55,6.19,6.83,7.61,9.46,10.06,9,8.1,7.15,6.19,5.31,4.51,4.57,4.5,4.86,4.88,5.16,5.69,6.16,6.61,7.01,5.48,4.08,4.05,3.97
Gibraltar,GIB,"Unemployment, male (% of male labor force) (modeled ILO estimate)",SL.UEM.TOTL.MA.ZS,,,,,,,,,,,,,,,,,,,,,,,,,,,,,,,,,,,,,,,,,,,,,,,,,,,,,,,,,,,,
Guinea,GIN,"Unemployment, male (% of male labor force) (modeled ILO estimate)",SL.UEM.TOTL.MA.ZS,,,,,,,,,,,,,,,,,,,,,,,,,,,,,,,,5.48,5.52,5.62,5.68,5.66,5.68,5.66,5.69,5.7,5.68,5.64,5.7,5.7,5.63,5.61,5.5,5.44,5.43,5.61,5.55,5.62,5.6,5.64,5.58,5.53,5.44,5.49,5.4,5.3
"Gambia, The",GMB,"Unemployment, male (% of male labor force) (modeled ILO estimate)",SL.UEM.TOTL.MA.ZS,,,,,,,,,,,,,,,,,,,,,,,,,,,,,,,,7.12,7.16,7.26,7.34,7.24,7.27,7.26,7.22,7.29,7.25,7.18,7.27,7.13,7.11,7.07,6.85,6.76,6.72,6.95,6.99,7.03,6.82,6.97,6.89,6.8,6.8,6.61,6.56,6.5
Guinea-Bissau,GNB,"Unemployment, male (% of male labor force) (modeled ILO estimate)",SL.UEM.TOTL.MA.ZS,,,,,,,,,,,,,,,,,,,,,,,,,,,,,,,,3,3.04,3.09,3.04,3.16,3.16,3.11,3.21,3.08,3.16,3.11,3.18,3.15,3.1,3.06,2.99,2.88,2.85,3.04,3.07,3.08,3.14,3.1,3.02,2.99,2.98,2.93,2.86,2.79
Equatorial Guinea,GNQ,"Unemployment, male (% of male labor force) (modeled ILO estimate)",SL.UEM.TOTL.MA.ZS,,,,,,,,,,,,,,,,,,,,,,,,,,,,,,,,8.37,8.33,8.52,8.45,8.26,8.03,8.19,8.06,8.23,8.22,8.23,8.31,8.37,8.27,8.3,8.15,7.95,7.88,8.17,8.26,8.2,8.15,8.25,8.17,8.17,8.14,8.03,7.93,7.85
Greece,GRC,"Unemployment, male (% of male labor force) (modeled ILO estimate)",SL.UEM.TOTL.MA.ZS,,,,,,,,,,,,,,,,,,,,,,,,,,,,,,,,4.81,4.98,5.74,6.08,6.28,6.11,6.32,7.16,7.75,7.5,6.96,6.48,6.07,6.45,6.25,5.71,5.26,5.14,6.97,10.04,15.14,21.56,24.5,23.63,21.75,19.89,17.85,15.41,14.02
Grenada,GRD,"Unemployment, male (% of male labor force) (modeled ILO estimate)",SL.UEM.TOTL.MA.ZS,,,,,,,,,,,,,,,,,,,,,,,,,,,,,,,,,,,,,,,,,,,,,,,,,,,,,,,,,,,,
Greenland,GRL,"Unemployment, male (% of male labor force) (modeled ILO estimate)",SL.UEM.TOTL.MA.ZS,,,,,,,,,,,,,,,,,,,,,,,,,,,,,,,,,,,,,,,,,,,,,,,,,,,,,,,,,,,,
Guatemala,GTM,"Unemployment, male (% of male labor force) (modeled ILO estimate)",SL.UEM.TOTL.MA.ZS,,,,,,,,,,,,,,,,,,,,,,,,,,,,,,,,2.4,2.37,2.46,2.48,2.44,2.5,2.44,2.41,2.46,2.48,2.47,2.44,2.48,2.75,2.8,2.73,2.71,2.88,3.26,3.32,2.78,2.37,2.68,2.37,2,2.13,1.94,1.88,1.83
Guam,GUM,"Unemployment, male (% of male labor force) (modeled ILO estimate)",SL.UEM.TOTL.MA.ZS,,,,,,,,,,,,,,,,,,,,,,,,,,,,,,,,3.57,3.92,5.55,7.57,7.91,8.41,9.86,8.08,14.59,16.19,14.27,12.65,10,7.66,6.46,7.28,7.15,7.97,8.89,7.37,11.42,12.68,11.93,8.07,7.38,5.9,6,6.09,6.12
Guyana,GUY,"Unemployment, male (% of male labor force) (modeled ILO estimate)",SL.UEM.TOTL.MA.ZS,,,,,,,,,,,,,,,,,,,,,,,,,,,,,,,,10.32,10.29,10.37,10.4,10.4,10.31,10.28,10.43,10.36,10.39,10.25,10.29,10.16,9.88,9.67,9.2,9.29,9.6,10.15,10.46,10.7,11.01,11.34,11.58,11.87,12.08,12.26,12.39,12.26
High income,HIC,"Unemployment, male (% of male labor force) (modeled ILO estimate)",SL.UEM.TOTL.MA.ZS,,,,,,,,,,,,,,,,,,,,,,,,,,,,,,,,6.285957712,6.891210537,7.44637486,7.371332918,6.875127678,6.919804811,6.625061123,6.556435612,6.469452107,6.04232954,6.165953848,6.741059527,6.938561998,6.685747418,6.323630415,5.785500733,5.310779254,5.683177667,8.146565126,8.32205853,7.783750098,7.726131279,7.675776718,7.00037577,6.408621785,5.920397714,5.35844848,4.854891048,4.57725467
"Hong Kong SAR, China",HKG,"Unemployment, male (% of male labor force) (modeled ILO estimate)",SL.UEM.TOTL.MA.ZS,,,,,,,,,,,,,,,,,,,,,,,,,,,,,,,,1.93,2,1.97,2.02,3.4,3.11,2.32,4.95,7.06,5.57,6,8.34,9.16,7.68,6.53,5.63,4.55,4.06,6.08,5.01,3.98,3.77,3.8,3.57,3.44,3.69,3.4,3.43,3.55
Honduras,HND,"Unemployment, male (% of male labor force) (modeled ILO estimate)",SL.UEM.TOTL.MA.ZS,,,,,,,,,,,,,,,,,,,,,,,,,,,,,,,,4.16,3.13,3.13,3.24,3.16,4.35,3.32,3.84,3.88,3.82,3.96,3.62,4.65,4.78,4.11,3.16,2.66,2.79,2.76,3.4,3.49,3.04,4.62,5.76,4.51,5.38,4.13,4.67,4.6
Heavily indebted poor countries (HIPC),HPC,"Unemployment, male (% of male labor force) (modeled ILO estimate)",SL.UEM.TOTL.MA.ZS,,,,,,,,,,,,,,,,,,,,,,,,,,,,,,,,5.081224779,5.143527021,5.249632257,5.273785425,5.204373244,5.228836511,5.200477092,5.18407112,5.317694023,5.348784948,5.290046281,5.256281769,5.197775356,5.057745706,4.947592516,4.784956199,4.665088373,4.565752112,4.590818958,4.725068394,4.686467443,4.583511239,4.432225296,4.389851861,4.422733538,4.367448083,4.277024917,4.257556145,4.199892176
Croatia,HRV,"Unemployment, male (% of male labor force) (modeled ILO estimate)",SL.UEM.TOTL.MA.ZS,,,,,,,,,,,,,,,,,,,,,,,,,,,,,,,,11.12,11.01,10.58,10.18,9.66,9.35,9.37,10.96,12.96,15.05,14.15,13.21,12.53,12.34,11.56,9.82,8.75,7.04,7.92,11.04,13.64,15.89,17.67,16.44,15.55,12.51,10.61,7.64,6.15
Haiti,HTI,"Unemployment, male (% of male labor force) (modeled ILO estimate)",SL.UEM.TOTL.MA.ZS,,,,,,,,,,,,,,,,,,,,,,,,,,,,,,,,6.11,6.18,6.23,6.25,6.11,6.27,6.24,6.22,6.22,7.12,8.09,9.16,10.24,11.42,12.5,13.64,14.77,13.93,13.52,12.9,11.98,11.36,11.34,11.29,11.24,11.19,11.09,10.96,10.91
Hungary,HUN,"Unemployment, male (% of male labor force) (modeled ILO estimate)",SL.UEM.TOTL.MA.ZS,,,,,,,,,,,,,,,,,,,,,,,,,,,,,,,,10.73,10.96,13.52,12.05,11.31,10.8,9.86,9.59,7.5,7.19,6.31,6.04,6.12,5.81,6.99,7.14,7.13,7.66,10.27,11.61,11.07,11.34,10.21,7.57,6.62,5.12,3.81,3.48,3.36
IBRD only,IBD,"Unemployment, male (% of male labor force) (modeled ILO estimate)",SL.UEM.TOTL.MA.ZS,,,,,,,,,,,,,,,,,,,,,,,,,,,,,,,,4.711387869,4.758058983,4.995118594,5.313949107,5.581173497,5.628641699,5.669350803,5.888945456,6.130997573,6.04409968,6.167375512,6.390892411,6.428303115,6.195967749,6.110874682,5.837129479,5.613872529,5.620756301,5.968569016,5.74349646,5.679752296,5.673382704,5.652878982,5.647508426,5.722503128,5.808307721,5.730842035,5.598778748,5.668799295
IDA & IBRD total,IBT,"Unemployment, male (% of male labor force) (modeled ILO estimate)",SL.UEM.TOTL.MA.ZS,,,,,,,,,,,,,,,,,,,,,,,,,,,,,,,,4.51380466,4.56611181,4.793261163,5.068697918,5.287538279,5.343128845,5.381168953,5.572728009,5.782902371,5.708218672,5.806052874,5.990165673,6.012656619,5.78955538,5.691527369,5.426322773,5.228829847,5.242291966,5.544672252,5.346114009,5.301593947,5.314703928,5.317745647,5.274457438,5.357553266,5.473717805,5.445688422,5.355648407,5.413097047
IDA total,IDA,"Unemployment, male (% of male labor force) (modeled ILO estimate)",SL.UEM.TOTL.MA.ZS,,,,,,,,,,,,,,,,,,,,,,,,,,,,,,,,3.520388696,3.609591145,3.795475497,3.869001051,3.867789868,3.975403532,4.015219509,4.090536215,4.166674109,4.164866129,4.165796003,4.1893449,4.164360532,3.996565433,3.857093188,3.646251931,3.577757321,3.635938978,3.766590872,3.700730344,3.75324533,3.85735806,3.970369626,3.792132695,3.930673725,4.186184589,4.372255556,4.459353801,4.488691607
IDA blend,IDB,"Unemployment, male (% of male labor force) (modeled ILO estimate)",SL.UEM.TOTL.MA.ZS,,,,,,,,,,,,,,,,,,,,,,,,,,,,,,,,2.701500264,2.790886214,2.983999357,3.147589068,3.174880182,3.353270794,3.384776947,3.466075095,3.437307031,3.286153153,3.156377891,3.007064538,2.877983955,2.713402467,2.609170641,2.467957051,2.238259154,2.217214177,2.365439236,2.41945336,2.554203922,2.935053583,3.457270473,2.937285856,3.362076961,4.214917874,4.832184699,5.218243076,5.431397279
Indonesia,IDN,"Unemployment, male (% of male labor force) (modeled ILO estimate)",SL.UEM.TOTL.MA.ZS,,,,,,,,,,,,,,,,,,,,,,,,,,,,,,,,2.4,2.59,2.63,3.89,4.04,4.23,4.1,5.31,6.03,5.69,5.31,5.89,5.71,6.25,6.77,6.59,6.95,6.66,5.74,5.13,4.9,4.27,4.38,4.15,4.57,4.57,4.06,4.54,3.8
IDA only,IDX,"Unemployment, male (% of male labor force) (modeled ILO estimate)",SL.UEM.TOTL.MA.ZS,,,,,,,,,,,,,,,,,,,,,,,,,,,,,,,,3.911690479,3.999447394,4.178111499,4.208907179,4.193405654,4.268104436,4.312481993,4.384881099,4.511729314,4.582171362,4.644551966,4.748920246,4.773846466,4.605036691,4.445476895,4.20060364,4.211273573,4.309479799,4.435582406,4.315553443,4.331777824,4.302032854,4.217203021,4.203814811,4.206651461,4.172209127,4.146880014,4.084295867,4.019286597
Isle of Man,IMN,"Unemployment, male (% of male labor force) (modeled ILO estimate)",SL.UEM.TOTL.MA.ZS,,,,,,,,,,,,,,,,,,,,,,,,,,,,,,,,,,,,,,,,,,,,,,,,,,,,,,,,,,,,
India,IND,"Unemployment, male (% of male labor force) (modeled ILO estimate)",SL.UEM.TOTL.MA.ZS,,,,,,,,,,,,,,,,,,,,,,,,,,,,,,,,5.71,5.7,5.81,5.81,5.78,5.79,5.83,5.8,5.79,5.84,5.81,5.86,5.79,5.72,5.62,5.5,5.37,5.42,5.59,5.6,5.64,5.67,5.67,5.6,5.55,5.5,5.42,5.34,5.28
Not classified,INX,"Unemployment, male (% of male labor force) (modeled ILO estimate)",SL.UEM.TOTL.MA.ZS,,,,,,,,,,,,,,,,,,,,,,,,,,,,,,,,,,,,,,,,,,,,,,,,,,,,,,,,,,,,
Ireland,IRL,"Unemployment, male (% of male labor force) (modeled ILO estimate)",SL.UEM.TOTL.MA.ZS,,,,,,,,,,,,,,,,,,,,,,,,,,,,,,,,15.34,14.88,15.44,14.49,11.93,11.68,10.23,7.94,5.93,4.35,3.78,4.55,4.82,4.96,4.59,4.56,5.02,7.6,15.08,17.07,17.69,17.68,14.83,12.67,10.73,9.02,7.07,5.78,5.17
"Iran, Islamic Rep.",IRN,"Unemployment, male (% of male labor force) (modeled ILO estimate)",SL.UEM.TOTL.MA.ZS,,,,,,,,,,,,,,,,,,,,,,,,,,,,,,,,9.52,9.4,9.3,9.11,8.81,8.51,8.96,9.37,9.85,10.17,10.57,10.92,9.9,8.91,10.55,9.99,9.33,9.12,10.84,11.93,10.71,10.98,8.59,8.81,9.3,10.5,10.18,10.38,9.46
Iraq,IRQ,"Unemployment, male (% of male labor force) (modeled ILO estimate)",SL.UEM.TOTL.MA.ZS,,,,,,,,,,,,,,,,,,,,,,,,,,,,,,,,8.96,9.01,9.13,9.2,9.19,9.18,9.16,9.17,9.22,9.23,9.22,9.27,9.23,9.18,9.14,8.98,8.85,8.41,8.33,7.99,7.61,7.22,7.95,8.49,8.54,8.54,10.28,10.14,10
Iceland,ISL,"Unemployment, male (% of male labor force) (modeled ILO estimate)",SL.UEM.TOTL.MA.ZS,,,,,,,,,,,,,,,,,,,,,,,,,,,,,,,,2.26,3.8,4.96,5.14,5.45,3.73,3.64,2.43,1.64,1.32,1.55,3.29,4.02,5.16,2.6,2.63,2.24,3.26,8.57,8.3,7.76,6.31,5.65,5,3.91,2.92,2.76,2.85,3.86
Israel,ISR,"Unemployment, male (% of male labor force) (modeled ILO estimate)",SL.UEM.TOTL.MA.ZS,,,,,,,,,,,,,,,,,,,,,,,,,,,,,,,,11.34,11.97,11.25,8.19,7.33,7.53,8.87,10.39,10.9,11.05,11.65,13.01,13.25,12.41,11.1,10.42,9.01,7.57,9.84,8.94,7.3,6.75,6.18,5.87,5.13,4.67,4.12,4.04,3.69
Italy,ITA,"Unemployment, male (% of male labor force) (modeled ILO estimate)",SL.UEM.TOTL.MA.ZS,,,,,,,,,,,,,,,,,,,,,,,,,,,,,,,,6.82,6.73,7.63,8.66,9.07,9.29,9.36,9.44,8.84,8.32,7.4,7.02,6.87,6.28,6.18,5.43,4.88,5.5,6.73,7.5,7.52,9.8,11.48,11.86,11.32,10.89,10.34,9.75,9.1
Jamaica,JAM,"Unemployment, male (% of male labor force) (modeled ILO estimate)",SL.UEM.TOTL.MA.ZS,,,,,,,,,,,,,,,,,,,,,,,,,,,,,,,,9.53,9.51,10.89,9.6,10.79,9.98,10.44,10.08,10.04,10.19,10.22,9.9,7.8,8.12,7.64,7.02,6.1,7.47,8.54,9.23,9.38,10.52,11.24,10.1,9.91,9.61,8.43,6.73,5.83
Jordan,JOR,"Unemployment, male (% of male labor force) (modeled ILO estimate)",SL.UEM.TOTL.MA.ZS,,,,,,,,,,,,,,,,,,,,,,,,,,,,,,,,17.95,17.82,18.14,15.04,12.17,12.01,12.09,12.22,12.38,12.43,13.74,14.11,13.46,13.19,12.9,12.03,10.4,10.22,10.42,10.47,11.04,10.47,10.59,10.06,11.03,13.35,13.97,14.61,15.29
Japan,JPN,"Unemployment, male (% of male labor force) (modeled ILO estimate)",SL.UEM.TOTL.MA.ZS,,,,,,,,,,,,,,,,,,,,,,,,,,,,,,,,2.02,2.16,2.42,2.82,3.16,3.44,3.4,4.18,4.82,4.86,5.2,5.56,5.55,4.9,4.56,4.26,3.98,4.13,5.31,5.44,4.8,4.55,4.25,3.73,3.62,3.32,2.93,2.57,2.54
Kazakhstan,KAZ,"Unemployment, male (% of male labor force) (modeled ILO estimate)",SL.UEM.TOTL.MA.ZS,,,,,,,,,,,,,,,,,,,,,,,,,,,,,,,,0.72,0.78,0.92,6.66,9.72,11.42,11.44,11.6,11.8,11.05,8.88,7.53,7.22,7.03,6.7,6.32,5.82,5.34,5.6,4.94,4.6,4.14,4.57,4.48,4.4,4.46,4.4,4.37,4.32
Kenya,KEN,"Unemployment, male (% of male labor force) (modeled ILO estimate)",SL.UEM.TOTL.MA.ZS,,,,,,,,,,,,,,,,,,,,,,,,,,,,,,,,2.74,2.84,2.88,2.86,2.82,2.84,2.9,2.85,2.88,2.89,2.8,2.9,2.85,2.78,2.72,2.63,2.53,2.61,2.72,2.64,2.67,2.7,2.69,2.65,2.61,2.59,2.54,2.46,2.43
Kyrgyz Republic,KGZ,"Unemployment, male (% of male labor force) (modeled ILO estimate)",SL.UEM.TOTL.MA.ZS,,,,,,,,,,,,,,,,,,,,,,,,,,,,,,,,0.9,1.01,3.12,4.35,5.01,6.38,6.55,7.91,7.44,6.64,6.93,11.21,9.06,7.98,7.41,7.71,7.37,7.36,7.42,7.71,7.58,7.69,7.43,7.03,6.54,6.18,5.59,5.54,5.48
Cambodia,KHM,"Unemployment, male (% of male labor force) (modeled ILO estimate)",SL.UEM.TOTL.MA.ZS,,,,,,,,,,,,,,,,,,,,,,,,,,,,,,,,0.24,0.25,0.28,0.26,0.26,0.26,0.34,0.41,0.45,0.56,0.67,0.84,0.96,1.08,1.16,1.25,1.32,0.83,0.6,0.75,0.68,0.5,0.36,0.69,0.33,0.59,0.11,0.1,0.1
Kiribati,KIR,"Unemployment, male (% of male labor force) (modeled ILO estimate)",SL.UEM.TOTL.MA.ZS,,,,,,,,,,,,,,,,,,,,,,,,,,,,,,,,,,,,,,,,,,,,,,,,,,,,,,,,,,,,
St. Kitts and Nevis,KNA,"Unemployment, male (% of male labor force) (modeled ILO estimate)",SL.UEM.TOTL.MA.ZS,,,,,,,,,,,,,,,,,,,,,,,,,,,,,,,,,,,,,,,,,,,,,,,,,,,,,,,,,,,,
"Korea, Rep.",KOR,"Unemployment, male (% of male labor force) (modeled ILO estimate)",SL.UEM.TOTL.MA.ZS,,,,,,,,,,,,,,,,,,,,,,,,,,,,,,,,2.68,2.76,3.28,2.83,2.31,2.36,2.82,7.81,7.17,4.96,4.49,3.67,3.8,3.9,3.94,3.87,3.6,3.61,4.04,3.99,3.61,3.36,3.31,3.5,3.59,3.73,3.78,3.92,3.87
Kuwait,KWT,"Unemployment, male (% of male labor force) (modeled ILO estimate)",SL.UEM.TOTL.MA.ZS,,,,,,,,,,,,,,,,,,,,,,,,,,,,,,,,0.34,0.37,0.32,0.27,0.33,0.37,0.4,0.38,0.4,0.48,0.44,0.64,0.76,1.02,0.91,0.79,0.98,1.09,1.03,1.44,1.59,1.69,1.83,2.03,1.28,0.91,0.97,1.15,1.16
Latin America & Caribbean (excluding high income),LAC,"Unemployment, male (% of male labor force) (modeled ILO estimate)",SL.UEM.TOTL.MA.ZS,,,,,,,,,,,,,,,,,,,,,,,,,,,,,,,,4.956308106,5.003379002,5.07011391,5.411594079,6.499753662,6.52484654,6.23185507,6.683941239,7.32365965,7.304294625,7.067097689,7.32798198,6.932952619,6.332465634,6.202232233,5.673172065,5.361027584,5.096140313,6.085859354,5.562723584,5.216025252,5.307781248,5.277195074,5.185994566,5.669977931,6.787375262,7.03711929,6.888565345,6.85281997
Lao PDR,LAO,"Unemployment, male (% of male labor force) (modeled ILO estimate)",SL.UEM.TOTL.MA.ZS,,,,,,,,,,,,,,,,,,,,,,,,,,,,,,,,2.59,2.51,2.63,2.56,2.6,2.47,2.33,2.29,2.2,1.98,1.9,1.74,1.64,1.47,1.35,1.13,1,0.88,0.86,0.76,0.75,0.76,0.75,0.75,0.74,0.73,0.71,0.7,0.68
Lebanon,LBN,"Unemployment, male (% of male labor force) (modeled ILO estimate)",SL.UEM.TOTL.MA.ZS,,,,,,,,,,,,,,,,,,,,,,,,,,,,,,,,7.73,7.96,8.06,8.09,8.09,8.11,8.08,8,7.97,7.82,7.69,7.64,7.55,7.38,7.87,8.27,8.63,6.59,5.08,5.1,5.13,5.11,5.11,5.07,5.05,5.01,4.95,4.88,4.84
Liberia,LBR,"Unemployment, male (% of male labor force) (modeled ILO estimate)",SL.UEM.TOTL.MA.ZS,,,,,,,,,,,,,,,,,,,,,,,,,,,,,,,,2.23,2.25,2.3,2.32,2.3,2.33,2.35,2.36,2.37,2.36,2.37,2.35,2.36,2.3,2.3,2.24,2.17,2.14,2.24,2.25,2.27,2.31,2.34,2.35,2.34,3.75,3.67,3.6,3.54
Libya,LBY,"Unemployment, male (% of male labor force) (modeled ILO estimate)",SL.UEM.TOTL.MA.ZS,,,,,,,,,,,,,,,,,,,,,,,,,,,,,,,,16.36,16.56,16.67,16.65,16.79,16.62,16.61,16.58,16.6,16.48,16.2,16.18,16.09,16.15,15.97,15.83,15.59,15.6,15.79,15.86,16.2,15.9,16.09,15.83,15.58,15.49,15.31,15.22,15.35
St. Lucia,LCA,"Unemployment, male (% of male labor force) (modeled ILO estimate)",SL.UEM.TOTL.MA.ZS,,,,,,,,,,,,,,,,,,,,,,,,,,,,,,,,12.58,12.37,12.72,12.91,12.23,14.02,17.91,18.2,16.23,12.93,15.19,17.5,17.35,17.62,15.15,12.45,10.12,11.04,14.43,16.08,17.66,17.16,20.69,19.72,18.99,18.08,17.27,17.64,14.09
Latin America & Caribbean,LCN,"Unemployment, male (% of male labor force) (modeled ILO estimate)",SL.UEM.TOTL.MA.ZS,,,,,,,,,,,,,,,,,,,,,,,,,,,,,,,,5.268229649,5.221471083,5.248527591,5.614576032,6.602021175,6.733027939,6.433382188,6.85685078,7.715389738,7.694285892,7.441808473,7.78520326,7.40439948,6.773409371,6.473933266,5.88370385,5.528675996,5.26459019,6.255723224,5.762059941,5.378337403,5.412634782,5.406185569,5.341142473,5.767170212,6.802539416,7.029050931,6.887530682,6.860413848
Least developed countries: UN classification,LDC,"Unemployment, male (% of male labor force) (modeled ILO estimate)",SL.UEM.TOTL.MA.ZS,,,,,,,,,,,,,,,,,,,,,,,,,,,,,,,,3.833013783,3.897474286,4.0180306,4.062325504,4.062650267,4.076063037,4.109364416,4.129342235,4.22163057,4.261051968,4.322526911,4.432265394,4.497741497,4.382905056,4.266491552,4.048019386,4.070234545,4.08793292,4.259698901,4.188100299,4.184093416,4.155113483,4.117119656,4.110369755,4.134786832,4.156652619,4.176973381,4.093100509,4.029501328
Low income,LIC,"Unemployment, male (% of male labor force) (modeled ILO estimate)",SL.UEM.TOTL.MA.ZS,,,,,,,,,,,,,,,,,,,,,,,,,,,,,,,,4.814326205,4.921534545,5.08102139,5.096771594,5.074538893,5.116100624,5.147642263,5.160160778,5.228054793,5.251348874,5.262568584,5.278443503,5.225777411,5.094812969,4.98655882,4.917389266,4.875209802,4.961308561,4.752607494,4.86640773,4.892001726,4.901197166,4.80127799,4.806602355,4.83086175,4.80808245,4.744599297,4.679143435,4.616572239
Liechtenstein,LIE,"Unemployment, male (% of male labor force) (modeled ILO estimate)",SL.UEM.TOTL.MA.ZS,,,,,,,,,,,,,,,,,,,,,,,,,,,,,,,,,,,,,,,,,,,,,,,,,,,,,,,,,,,,
Sri Lanka,LKA,"Unemployment, male (% of male labor force) (modeled ILO estimate)",SL.UEM.TOTL.MA.ZS,,,,,,,,,,,,,,,,,,,,,,,,,,,,,,,,10.31,10.36,9.85,9.3,8.94,8.24,7.82,6.78,6.67,5.9,6.16,6.64,5.9,6.11,5.55,4.79,4.37,3.71,4.38,3.46,2.69,2.8,3.1,3.11,2.99,2.89,2.82,2.98,2.95
Lower middle income,LMC,"Unemployment, male (% of male labor force) (modeled ILO estimate)",SL.UEM.TOTL.MA.ZS,,,,,,,,,,,,,,,,,,,,,,,,,,,,,,,,4.849919501,4.93727475,5.102687267,5.237299859,5.358512262,5.366961888,5.393459832,5.544707727,5.658349385,5.66178739,5.574004207,5.62704003,5.524321166,5.339256141,5.316316745,5.078620434,4.968272472,4.917562825,5.062513787,4.93687704,5.008920282,5.027195934,5.04312718,4.964274338,5.033368479,5.114116119,5.102335737,5.070216854,4.971143497
Low & middle income,LMY,"Unemployment, male (% of male labor force) (modeled ILO estimate)",SL.UEM.TOTL.MA.ZS,,,,,,,,,,,,,,,,,,,,,,,,,,,,,,,,4.413017201,4.477610124,4.708584577,4.977810934,5.207487579,5.260870063,5.317784185,5.513726363,5.673954782,5.575558187,5.666241536,5.830355779,5.856361435,5.643316791,5.574444347,5.342649599,5.176235572,5.210801833,5.499994317,5.293417529,5.254707605,5.269917086,5.268538669,5.229586012,5.322268267,5.446091138,5.426370377,5.343568154,5.405773305
Lesotho,LSO,"Unemployment, male (% of male labor force) (modeled ILO estimate)",SL.UEM.TOTL.MA.ZS,,,,,,,,,,,,,,,,,,,,,,,,,,,,,,,,28.3,28.44,28.99,29.19,29.36,29.15,29.33,28.92,28.39,27.51,27.11,26.84,26.1,25.62,24.9,24,23.18,22.48,22.53,21.85,21.3,20.84,20.53,20.48,20.58,20.55,20.64,20.4,20.31
Late-demographic dividend,LTE,"Unemployment, male (% of male labor force) (modeled ILO estimate)",SL.UEM.TOTL.MA.ZS,,,,,,,,,,,,,,,,,,,,,,,,,,,,,,,,3.749594664,3.739230575,3.995968142,4.344552396,4.507580401,4.654154171,4.887570633,5.130989459,5.425768174,5.252530339,5.432447498,5.645367546,5.91368301,5.705465341,5.600801203,5.367903354,5.094914079,5.184134897,5.581820829,5.263071964,5.135958652,5.183180256,5.153043558,5.09723215,5.219804608,5.372568599,5.330991884,5.126439184,5.291062424
Lithuania,LTU,"Unemployment, male (% of male labor force) (modeled ILO estimate)",SL.UEM.TOTL.MA.ZS,,,,,,,,,,,,,,,,,,,,,,,,,,,,,,,,1.71,1.89,14.77,14.63,17.71,16.55,14.31,15.38,14.65,18.21,19.5,13.22,12.55,10.32,8.12,5.95,4.17,6.02,17.09,21.19,17.91,15.2,13.07,12.18,10.1,9.1,8.5,6.89,7.03
Luxembourg,LUX,"Unemployment, male (% of male labor force) (modeled ILO estimate)",SL.UEM.TOTL.MA.ZS,,,,,,,,,,,,,,,,,,,,,,,,,,,,,,,,1.13,1.58,1.87,3,2.09,2.49,1.85,1.91,1.78,1.82,1.56,1.94,2.96,3.68,3.51,3.56,3.56,4.32,4.36,3.8,3.84,4.53,5.42,5.92,6.11,6.01,5.54,5.33,5.65
Latvia,LVA,"Unemployment, male (% of male labor force) (modeled ILO estimate)",SL.UEM.TOTL.MA.ZS,,,,,,,,,,,,,,,,,,,,,,,,,,,,,,,,3.54,7.67,17.67,18.77,18.94,20.32,15.01,15.37,14.18,14.99,15.12,14.85,12.1,11.18,10.09,7.31,6.51,8.38,20.88,22.72,18.61,16.15,12.6,11.84,11.09,10.89,9.75,8.41,7.2
"Macao SAR, China",MAC,"Unemployment, male (% of male labor force) (modeled ILO estimate)",SL.UEM.TOTL.MA.ZS,,,,,,,,,,,,,,,,,,,,,,,,,,,,,,,,2.51,2.08,2.18,2.42,4.06,4.67,3.68,5.61,7.89,8.63,8.1,7.89,7.11,5.66,4.38,3.8,3.49,3.19,4.28,3.56,2.95,2.27,2.23,1.95,2.01,2.29,2.39,2.28,2.08
St. Martin (French part),MAF,"Unemployment, male (% of male labor force) (modeled ILO estimate)",SL.UEM.TOTL.MA.ZS,,,,,,,,,,,,,,,,,,,,,,,,,,,,,,,,,,,,,,,,,,,,,,,,,,,,,,,,,,,,
Morocco,MAR,"Unemployment, male (% of male labor force) (modeled ILO estimate)",SL.UEM.TOTL.MA.ZS,,,,,,,,,,,,,,,,,,,,,,,,,,,,,,,,13.71,13.93,14.08,13.98,14.19,13.96,14.13,14,14.16,13.77,12.45,11.27,11.54,10.64,10.81,9.67,9.61,9.49,8.84,8.95,8.44,8.66,9.11,9.5,9.14,8.84,8.7,8.61,8.54
Monaco,MCO,"Unemployment, male (% of male labor force) (modeled ILO estimate)",SL.UEM.TOTL.MA.ZS,,,,,,,,,,,,,,,,,,,,,,,,,,,,,,,,,,,,,,,,,,,,,,,,,,,,,,,,,,,,
Moldova,MDA,"Unemployment, male (% of male labor force) (modeled ILO estimate)",SL.UEM.TOTL.MA.ZS,,,,,,,,,,,,,,,,,,,,,,,,,,,,,,,,2.88,5.13,4.99,7.64,6.92,9.87,9.81,12.19,13.42,9.76,8.73,8.11,9.59,10.09,8.64,8.97,6.24,4.57,7.82,9.07,7.72,6.82,6.02,4.61,4.45,5.45,4.82,5.04,5.8
Madagascar,MDG,"Unemployment, male (% of male labor force) (modeled ILO estimate)",SL.UEM.TOTL.MA.ZS,,,,,,,,,,,,,,,,,,,,,,,,,,,,,,,,5.55,5.52,5.68,5.74,5.72,5.73,5.71,5.7,5.76,5.73,5.3,4.7,3.83,2.69,1.76,1.95,2.15,2.37,2.89,3.26,1.69,0.57,0.9,1.29,1.77,1.74,1.7,1.67,1.63
Maldives,MDV,"Unemployment, male (% of male labor force) (modeled ILO estimate)",SL.UEM.TOTL.MA.ZS,,,,,,,,,,,,,,,,,,,,,,,,,,,,,,,,0.61,0.61,0.61,0.6,0.59,0.74,0.9,1.09,1.33,1.57,2.15,2.84,3.52,4.5,5.58,6.24,7.39,8.59,10.63,9.33,8.11,7.03,5.95,4.9,5.63,6.3,6.17,6.05,5.97
Middle East & North Africa,MEA,"Unemployment, male (% of male labor force) (modeled ILO estimate)",SL.UEM.TOTL.MA.ZS,,,,,,,,,,,,,,,,,,,,,,,,,,,,,,,,9.97762686,10.67893923,11.13064366,10.96914655,11.14670487,10.49616261,10.07642354,10.23522982,10.47512884,10.72282833,10.68475758,10.68684592,10.44030753,9.154004542,9.312258903,8.497993941,8.085120263,7.685890574,7.562452879,7.599952198,8.167203175,8.278818283,7.861957149,7.965571547,7.988919992,7.951952746,8.076054266,7.801944368,7.585425743
Mexico,MEX,"Unemployment, male (% of male labor force) (modeled ILO estimate)",SL.UEM.TOTL.MA.ZS,,,,,,,,,,,,,,,,,,,,,,,,,,,,,,,,2.63,2.82,3.08,4.18,6.24,4.68,3.15,3.04,2.06,2.27,2.25,2.58,2.93,3.22,3.37,3.38,3.42,3.78,5.36,5.37,5.19,4.89,4.89,4.79,4.23,3.83,3.31,3.2,3.46
Marshall Islands,MHL,"Unemployment, male (% of male labor force) (modeled ILO estimate)",SL.UEM.TOTL.MA.ZS,,,,,,,,,,,,,,,,,,,,,,,,,,,,,,,,,,,,,,,,,,,,,,,,,,,,,,,,,,,,
Middle income,MIC,"Unemployment, male (% of male labor force) (modeled ILO estimate)",SL.UEM.TOTL.MA.ZS,,,,,,,,,,,,,,,,,,,,,,,,,,,,,,,,4.388920056,4.45067203,4.685713838,4.970430823,5.215837781,5.27003894,5.328661305,5.536582382,5.70302238,5.596907885,5.693180177,5.867665553,5.899534072,5.681290759,5.615711477,5.372901569,5.197930008,5.229031605,5.555379943,5.325553072,5.282374189,5.298405636,5.305213735,5.263288665,5.362101876,5.498766859,5.483627841,5.400382942,5.474481138
North Macedonia,MKD,"Unemployment, male (% of male labor force) (modeled ILO estimate)",SL.UEM.TOTL.MA.ZS,,,,,,,,,,,,,,,,,,,,,,,,,,,,,,,,32.87,33.03,33.29,33.13,33.07,32.98,32.98,32.53,31.86,30.5,29.54,31.71,36.96,36.74,36.48,35.27,34.54,33.51,31.78,31.88,31.76,31.46,28.98,27.65,26.72,24.36,22.74,21.3,16.48
Mali,MLI,"Unemployment, male (% of male labor force) (modeled ILO estimate)",SL.UEM.TOTL.MA.ZS,,,,,,,,,,,,,,,,,,,,,,,,,,,,,,,,3.22,3.27,3.25,3.26,3.27,3.28,3.3,3.83,4.37,4.94,5.37,6.14,6.54,7.11,8.2,9.46,10.74,8.74,7.36,5.92,5.12,4.96,4.71,6.44,6.9,6.81,6.7,6.63,6.53
Malta,MLT,"Unemployment, male (% of male labor force) (modeled ILO estimate)",SL.UEM.TOTL.MA.ZS,,,,,,,,,,,,,,,,,,,,,,,,,,,,,,,,5.72,5.79,5.74,5.76,5.78,5.93,6.08,6.17,6.21,6.23,6.71,6.27,6.42,6.92,6.28,6.11,5.78,5.57,6.51,6.7,5.97,5.6,6.09,6.12,5.37,4.38,3.83,3.77,3.24
Myanmar,MMR,"Unemployment, male (% of male labor force) (modeled ILO estimate)",SL.UEM.TOTL.MA.ZS,,,,,,,,,,,,,,,,,,,,,,,,,,,,,,,,0.77,0.72,0.77,0.77,0.77,0.78,0.78,0.78,0.77,0.74,0.74,0.75,0.74,0.72,0.7,0.67,0.64,0.65,0.73,0.73,0.72,0.71,0.7,0.68,0.67,0.96,1.23,0.74,0.44
Middle East & North Africa (excluding high income),MNA,"Unemployment, male (% of male labor force) (modeled ILO estimate)",SL.UEM.TOTL.MA.ZS,,,,,,,,,,,,,,,,,,,,,,,,,,,,,,,,10.60979016,11.29052652,11.89386482,11.82999108,12.2133784,11.48087436,10.99531384,11.18614572,11.48734205,11.78851118,11.73789817,11.69290223,11.4102669,9.940714924,10.19409674,9.298555776,8.960737273,8.657958463,8.550785634,8.693728224,9.511997661,9.798708372,9.310914289,9.484593747,9.625113416,9.609147972,9.713014411,9.386994976,9.11770672
Montenegro,MNE,"Unemployment, male (% of male labor force) (modeled ILO estimate)",SL.UEM.TOTL.MA.ZS,,,,,,,,,,,,,,,,,,,,,,,,,,,,,,,,26.55,26.72,26.97,26.72,26.41,26.35,26.42,26.45,26.88,26.5,26.48,26.57,26.55,26.35,26.17,21.99,18.16,16.21,18.04,18.8,19.31,19.76,20.04,17.82,17.74,18.24,15.38,15.24,14.68
Mongolia,MNG,"Unemployment, male (% of male labor force) (modeled ILO estimate)",SL.UEM.TOTL.MA.ZS,,,,,,,,,,,,,,,,,,,,,,,,,,,,,,,,6.2,6.25,6.23,6.21,6.19,6.23,6.21,6.21,6.25,6.25,6.17,6.2,7.12,7.2,7.26,7.26,7.25,5.9,5.59,7.11,5.06,4.24,4.03,5.13,5.37,8.37,6.96,5.83,5.77
Northern Mariana Islands,MNP,"Unemployment, male (% of male labor force) (modeled ILO estimate)",SL.UEM.TOTL.MA.ZS,,,,,,,,,,,,,,,,,,,,,,,,,,,,,,,,,,,,,,,,,,,,,,,,,,,,,,,,,,,,
Mozambique,MOZ,"Unemployment, male (% of male labor force) (modeled ILO estimate)",SL.UEM.TOTL.MA.ZS,,,,,,,,,,,,,,,,,,,,,,,,,,,,,,,,3.88,3.92,3.95,4.03,4.01,4.04,4.14,4.05,4.01,3.95,3.89,3.93,3.92,3.89,3.81,3.68,3.57,3.49,3.6,3.57,3.48,3.37,3.29,3.16,3.16,3.16,3.09,3.01,2.85
Mauritania,MRT,"Unemployment, male (% of male labor force) (modeled ILO estimate)",SL.UEM.TOTL.MA.ZS,,,,,,,,,,,,,,,,,,,,,,,,,,,,,,,,8.87,8.93,9.02,9,8.97,9.03,9.16,9.08,9.04,9.1,9.03,9.12,8.99,8.83,8.64,8.51,8.57,8.49,8.81,8.75,8.71,8.62,8.9,9.12,9.46,9.64,9.78,9.63,9.5
Mauritius,MUS,"Unemployment, male (% of male labor force) (modeled ILO estimate)",SL.UEM.TOTL.MA.ZS,,,,,,,,,,,,,,,,,,,,,,,,,,,,,,,,7.38,7.36,7.54,7.61,7.61,7.6,7.6,7.62,7.84,7.62,7.88,6.43,5.95,5.67,5.76,5.41,5.21,4.05,4.34,4.48,4.91,4.93,4.93,5.36,5.29,4.53,4.65,4.42,4.35
Malawi,MWI,"Unemployment, male (% of male labor force) (modeled ILO estimate)",SL.UEM.TOTL.MA.ZS,,,,,,,,,,,,,,,,,,,,,,,,,,,,,,,,4.96,5.07,5.04,5.17,5.03,5.18,5.16,5.15,5.15,5.15,5.13,5.09,5.09,5.05,4.99,4.85,4.72,4.71,4.9,4.96,5.03,5.02,4.98,4.97,4.94,4.89,4.78,4.75,4.69
Malaysia,MYS,"Unemployment, male (% of male labor force) (modeled ILO estimate)",SL.UEM.TOTL.MA.ZS,,,,,,,,,,,,,,,,,,,,,,,,,,,,,,,,3.31,3.36,3.68,3.25,2.81,2.47,2.24,3.14,3.51,2.97,3.39,3.32,3.6,3.4,3.44,3.28,3.12,3.16,3.63,3.15,2.91,2.97,2.92,2.67,2.92,3.14,3.14,3.09,3.1
North America,NAC,"Unemployment, male (% of male labor force) (modeled ILO estimate)",SL.UEM.TOTL.MA.ZS,,,,,,,,,,,,,,,,,,,,,,,,,,,,,,,,7.527189573,8.315204216,7.65093622,6.64310752,6.044963259,5.8808876,5.366740018,4.82553166,4.488076853,4.201384704,5.072683469,6.153756703,6.441474354,5.830332958,5.270110481,4.815098904,4.900846654,6.149035122,10.20131267,10.32786796,9.21980276,8.165986916,7.616124971,6.379843793,5.59363556,5.232158151,4.654760076,4.184488227,3.970273966
Namibia,NAM,"Unemployment, male (% of male labor force) (modeled ILO estimate)",SL.UEM.TOTL.MA.ZS,,,,,,,,,,,,,,,,,,,,,,,,,,,,,,,,19.59,18.79,18.81,17.91,19.54,21.36,23.23,21.8,20.47,19.14,19.27,19.29,19.54,19.41,19.55,19.52,19.49,19.54,20.34,20.32,17.42,14.67,17.37,16.71,19.05,21.81,21.61,21.13,20.94
New Caledonia,NCL,"Unemployment, male (% of male labor force) (modeled ILO estimate)",SL.UEM.TOTL.MA.ZS,,,,,,,,,,,,,,,,,,,,,,,,,,,,,,,,15.56,15.66,15.87,15.85,15.7,15.82,15.79,15.61,15.52,15.02,14.76,14.45,14.06,13.71,13.4,13.03,12.62,12.42,12,12.07,12.29,12.85,13.36,13.74,13.75,13.91,14.1,14.3,14.39
Niger,NER,"Unemployment, male (% of male labor force) (modeled ILO estimate)",SL.UEM.TOTL.MA.ZS,,,,,,,,,,,,,,,,,,,,,,,,,,,,,,,,1.79,1.83,1.87,1.89,1.91,1.88,1.89,1.87,1.92,1.88,1.85,2.29,2.7,3.1,3.41,2.59,1.89,1.34,1.03,0.64,0.39,1.43,1.08,0.6,0.59,0.58,0.57,0.54,0.53
Nigeria,NGA,"Unemployment, male (% of male labor force) (modeled ILO estimate)",SL.UEM.TOTL.MA.ZS,,,,,,,,,,,,,,,,,,,,,,,,,,,,,,,,3.97,3.97,4.03,4.08,4.05,4.02,4.02,4.01,4.05,3.98,3.94,3.84,3.9,3.86,3.86,3.78,3.69,3.66,3.78,3.77,3.84,3.93,3.99,3.87,3.66,6.2,7.69,8.51,9.35
Nicaragua,NIC,"Unemployment, male (% of male labor force) (modeled ILO estimate)",SL.UEM.TOTL.MA.ZS,,,,,,,,,,,,,,,,,,,,,,,,,,,,,,,,7.3,7.37,7.5,7.45,7.42,7.41,7.42,7.42,7.38,7.41,7.41,7.5,7.47,5.55,5.14,5.51,4.8,5.75,7.73,7.29,5.97,4.84,5.16,3.84,4.23,3.66,3.18,5.16,5.12
Netherlands,NLD,"Unemployment, male (% of male labor force) (modeled ILO estimate)",SL.UEM.TOTL.MA.ZS,,,,,,,,,,,,,,,,,,,,,,,,,,,,,,,,5.58,4.05,5.33,6.54,6.1,5.21,4.33,3.36,2.7,2.17,1.82,2.3,3.43,4.33,5.04,4.07,3.29,2.98,3.87,4.52,4.6,5.47,7.19,7.14,6.53,5.58,4.48,3.72,3.4
Norway,NOR,"Unemployment, male (% of male labor force) (modeled ILO estimate)",SL.UEM.TOTL.MA.ZS,,,,,,,,,,,,,,,,,,,,,,,,,,,,,,,,5.76,6.59,6.63,5.89,6.29,4.77,4.39,3.49,3.26,3.62,3.85,3.96,4.46,4.56,4.55,3.45,2.56,2.72,3.55,4.04,3.42,3.56,3.6,3.71,4.56,5.36,4.58,4.03,3.95
Nepal,NPL,"Unemployment, male (% of male labor force) (modeled ILO estimate)",SL.UEM.TOTL.MA.ZS,,,,,,,,,,,,,,,,,,,,,,,,,,,,,,,,1.95,1.99,2.01,2.01,2.05,2,2.02,2.02,2.03,1.99,1.97,1.97,1.89,1.86,1.81,1.72,1.63,1.57,1.9,2.12,2.36,2.6,2.89,3.09,3.38,3.32,3.12,3.09,3
Nauru,NRU,"Unemployment, male (% of male labor force) (modeled ILO estimate)",SL.UEM.TOTL.MA.ZS,,,,,,,,,,,,,,,,,,,,,,,,,,,,,,,,,,,,,,,,,,,,,,,,,,,,,,,,,,,,
New Zealand,NZL,"Unemployment, male (% of male labor force) (modeled ILO estimate)",SL.UEM.TOTL.MA.ZS,,,,,,,,,,,,,,,,,,,,,,,,,,,,,,,,11.26,11.39,10.45,8.78,6.44,6.32,6.85,7.8,7.3,6.26,5.48,5.13,4.44,3.57,3.52,3.56,3.4,4.08,6.1,6.23,6.25,6.52,5.22,4.74,4.91,4.74,4.25,4.15,3.79
OECD members,OED,"Unemployment, male (% of male labor force) (modeled ILO estimate)",SL.UEM.TOTL.MA.ZS,,,,,,,,,,,,,,,,,,,,,,,,,,,,,,,,6.275486273,6.800557223,7.292159203,7.314894269,7.028919421,6.992568113,6.609446887,6.630375766,6.647739019,6.221745638,6.228468343,6.849599705,7.0079993,6.832580529,6.468831101,5.909646523,5.517047997,5.96873611,8.476025774,8.540459906,7.951551204,7.85636476,7.80624755,7.243963555,6.679489987,6.24759181,5.677763968,5.260918734,5.245162836
Oman,OMN,"Unemployment, male (% of male labor force) (modeled ILO estimate)",SL.UEM.TOTL.MA.ZS,,,,,,,,,,,,,,,,,,,,,,,,,,,,,,,,2.55,2.57,2.54,2.6,2.65,2.66,2.67,2.68,2.71,2.73,2.75,2.82,2.91,2.99,3.05,3.18,3.3,3.36,2.93,2.75,2.63,2.41,2.19,2.09,1.94,1.75,1.24,0.81,0.83
Other small states,OSS,"Unemployment, male (% of male labor force) (modeled ILO estimate)",SL.UEM.TOTL.MA.ZS,,,,,,,,,,,,,,,,,,,,,,,,,,,,,,,,9.327343077,9.850755543,10.50403683,10.83265884,11.241225,11.33461691,11.47545567,11.24788702,11.16487579,10.86637983,10.64405893,10.56238292,10.70153281,10.3311353,9.805969862,9.013973189,8.401071444,7.94828759,8.717648188,8.708166029,8.188881676,7.989534879,8.133136676,7.943555234,7.846985873,7.862590065,7.608787512,7.329775702,7.107199277
Pakistan,PAK,"Unemployment, male (% of male labor force) (modeled ILO estimate)",SL.UEM.TOTL.MA.ZS,,,,,,,,,,,,,,,,,,,,,,,,,,,,,,,,0.63,0.64,0.68,0.68,0.67,0.67,0.69,0.68,0.69,0.69,0.69,0.7,0.69,0.68,0.66,0.64,0.43,0.4,0.58,0.66,0.83,1.7,2.83,1.78,2.83,3.25,3.61,3.96,3.89
Panama,PAN,"Unemployment, male (% of male labor force) (modeled ILO estimate)",SL.UEM.TOTL.MA.ZS,,,,,,,,,,,,,,,,,,,,,,,,,,,,,,,,2.97,3.01,3.09,3.13,3.13,3.04,3.04,3.01,3.09,3.08,3.12,3.12,3.07,2.99,2.94,2.84,2.66,2.64,2.96,2.9,2.09,1.99,1.82,2.22,2.4,2.91,3.11,3.15,3.99
Peru,PER,"Unemployment, male (% of male labor force) (modeled ILO estimate)",SL.UEM.TOTL.MA.ZS,,,,,,,,,,,,,,,,,,,,,,,,,,,,,,,,5.57,5.67,5.68,5.59,5.65,5.73,5.65,5.76,5.78,5.74,5.75,5.71,4.9,4.52,4.85,3.86,3.53,3.38,3.65,2.94,3.06,2.57,2.95,2.75,2.9,3.29,3.27,3.01,2.82
Philippines,PHL,"Unemployment, male (% of male labor force) (modeled ILO estimate)",SL.UEM.TOTL.MA.ZS,,,,,,,,,,,,,,,,,,,,,,,,,,,,,,,,3.43,3.45,3.48,3.46,3.46,3.43,3.44,3.56,3.54,3.5,3.5,3.43,3.33,3.35,3.54,3.88,3.26,3.54,3.68,3.49,3.44,3.36,3.29,3.52,2.97,2.65,2.46,2.13,2.05
Palau,PLW,"Unemployment, male (% of male labor force) (modeled ILO estimate)",SL.UEM.TOTL.MA.ZS,,,,,,,,,,,,,,,,,,,,,,,,,,,,,,,,,,,,,,,,,,,,,,,,,,,,,,,,,,,,
Papua New Guinea,PNG,"Unemployment, male (% of male labor force) (modeled ILO estimate)",SL.UEM.TOTL.MA.ZS,,,,,,,,,,,,,,,,,,,,,,,,,,,,,,,,3.52,3.53,3.57,3.69,3.78,3.71,3.81,3.72,3.77,3.79,3.66,3.57,3.45,3.34,3.18,3.02,2.82,2.76,2.77,2.68,3.72,3.7,3.72,3.6,3.6,3.6,3.54,3.49,3.4
Poland,POL,"Unemployment, male (% of male labor force) (modeled ILO estimate)",SL.UEM.TOTL.MA.ZS,,,,,,,,,,,,,,,,,,,,,,,,,,,,,,,,12.41,12.4,12.97,13.45,12.47,11.29,9.28,8.37,11.55,14.6,16.96,19.23,18.9,18.49,16.59,12.96,9,6.44,7.76,9.32,9.01,9.42,9.69,8.5,7.33,6.11,4.87,3.84,3.02
Pre-demographic dividend,PRE,"Unemployment, male (% of male labor force) (modeled ILO estimate)",SL.UEM.TOTL.MA.ZS,,,,,,,,,,,,,,,,,,,,,,,,,,,,,,,,5.41658654,5.473301546,5.557845749,5.552729998,5.465811747,5.447908617,5.423908951,5.384053176,5.467132265,5.475240161,5.45264125,5.452013444,5.436310141,5.358706924,5.299390107,5.154536466,5.013040249,4.911856839,4.924837599,5.143941587,5.111464624,5.045496307,4.91331153,4.877710516,4.852608567,5.292887803,5.641307913,5.747211695,5.862303108
Puerto Rico,PRI,"Unemployment, male (% of male labor force) (modeled ILO estimate)",SL.UEM.TOTL.MA.ZS,,,,,,,,,,,,,,,,,,,,,,,,,,,,,,,,17.97,19.04,19.18,16.7,15.92,14.91,14.83,14.38,13.41,11.84,12.87,13.06,12.57,11.48,12.23,11.35,11.95,12.81,16.88,18.68,17.94,16.28,16.05,15.64,13.72,13.53,12.56,10.97,10.07
"Korea, Dem. People's Rep.",PRK,"Unemployment, male (% of male labor force) (modeled ILO estimate)",SL.UEM.TOTL.MA.ZS,,,,,,,,,,,,,,,,,,,,,,,,,,,,,,,,3.24,3.28,3.33,3.36,3.37,3.36,3.36,3.33,3.38,3.41,3.36,3.41,3.38,3.35,3.3,3.23,3.11,3.07,3.27,3.27,3.27,3.28,3.29,3.23,3.21,3.16,3.12,3.02,2.97
Portugal,PRT,"Unemployment, male (% of male labor force) (modeled ILO estimate)",SL.UEM.TOTL.MA.ZS,,,,,,,,,,,,,,,,,,,,,,,,,,,,,,,,2.61,3.38,4.53,5.87,6.49,6.37,5.81,3.8,4.18,3.04,2.89,3.81,5.17,5.58,6.66,6.54,6.6,6.48,8.83,9.75,12.34,15.55,16.01,13.48,12.16,10.97,8.41,6.57,5.8
Paraguay,PRY,"Unemployment, male (% of male labor force) (modeled ILO estimate)",SL.UEM.TOTL.MA.ZS,,,,,,,,,,,,,,,,,,,,,,,,,,,,,,,,7.62,7.74,7.79,7.78,7.75,7.87,7.79,7.9,7.99,7.98,7.91,7.94,5.88,5.29,3.89,4.43,3.48,3.44,4.69,3.63,3.53,3.12,3.98,3.86,4.3,4.29,4.08,4.72,5.4
West Bank and Gaza,PSE,"Unemployment, male (% of male labor force) (modeled ILO estimate)",SL.UEM.TOTL.MA.ZS,,,,,,,,,,,,,,,,,,,,,,,,,,,,,,,,10.88,10.87,10.99,11,11.02,11.04,11,11.01,11.07,11.09,23.27,29.8,24.47,24.87,20.66,20.25,19.16,23.68,20.53,21.39,16.5,17.61,18.19,19.19,20.19,20.56,21.5,22.39,21.32
Pacific island small states,PSS,"Unemployment, male (% of male labor force) (modeled ILO estimate)",SL.UEM.TOTL.MA.ZS,,,,,,,,,,,,,,,,,,,,,,,,,,,,,,,,2.871919563,2.859811882,2.979577623,2.991429087,3.049157122,3.070300934,3.158194152,3.14797714,3.175304357,3.280823196,3.282743742,3.319443247,3.320681497,3.195438404,3.128062252,3.081335586,3.104266776,3.120097329,3.459652327,3.146266094,3.117816046,3.18808909,3.013421014,2.912421764,2.834905768,2.754253307,2.672621452,2.63268647,2.582539552
Post-demographic dividend,PST,"Unemployment, male (% of male labor force) (modeled ILO estimate)",SL.UEM.TOTL.MA.ZS,,,,,,,,,,,,,,,,,,,,,,,,,,,,,,,,5.9716182,6.622679702,7.232833316,7.190034793,6.965045794,7.158649474,6.926021921,6.953019661,6.704768817,6.141574535,6.124766582,6.575545134,6.743259126,6.484907361,6.144104925,5.706496606,5.342805249,5.809895743,8.425060338,8.629833498,8.148279005,8.136583815,8.08976706,7.488756218,6.89779673,6.414587106,5.816499874,5.262405358,4.919732294
French Polynesia,PYF,"Unemployment, male (% of male labor force) (modeled ILO estimate)",SL.UEM.TOTL.MA.ZS,,,,,,,,,,,,,,,,,,,,,,,,,,,,,,,,9.91,9.9,10.01,10.06,10.11,10.21,10.25,10.17,10.17,10.34,10.5,10.6,10.58,10.61,10.75,10.9,11,11.08,11.11,11.23,11.26,11.27,11.23,11.31,11.38,11.51,11.61,11.74,11.82
Qatar,QAT,"Unemployment, male (% of male labor force) (modeled ILO estimate)",SL.UEM.TOTL.MA.ZS,,,,,,,,,,,,,,,,,,,,,,,,,,,,,,,,0.2,0.16,0.13,0.13,0.13,0.14,0.13,0.14,0.16,0.18,0.2,0.21,0.23,0.27,0.33,0.42,0.21,0.13,0.13,0.14,0.17,0.14,0.09,0.07,0.06,0.06,0.06,0.05,0.07
Romania,ROU,"Unemployment, male (% of male labor force) (modeled ILO estimate)",SL.UEM.TOTL.MA.ZS,,,,,,,,,,,,,,,,,,,,,,,,,,,,,,,,8.62,8.61,8.13,7.67,7.51,6.25,5.19,5.77,6.85,7.49,7.04,8.55,7.42,9.01,7.78,8.22,7.23,6.68,7.67,7.57,7.74,7.36,7.71,7.35,7.54,6.59,5.6,4.72,4.31
Russian Federation,RUS,"Unemployment, male (% of male labor force) (modeled ILO estimate)",SL.UEM.TOTL.MA.ZS,,,,,,,,,,,,,,,,,,,,,,,,,,,,,,,,5.06,5.19,5.94,8.29,9.68,10,12.14,13.54,13.17,10.78,9.34,8.14,8.46,8,7.31,7.41,6.35,6.46,8.91,7.88,6.96,5.79,5.76,5.48,5.82,5.76,5.36,4.91,4.76
Rwanda,RWA,"Unemployment, male (% of male labor force) (modeled ILO estimate)",SL.UEM.TOTL.MA.ZS,,,,,,,,,,,,,,,,,,,,,,,,,,,,,,,,0.45,0.5,0.59,0.66,0.67,0.79,0.84,0.9,0.95,1,1.06,1.13,1.15,1.13,1.11,1.07,1.02,0.99,1.11,1.12,1.12,1.12,1.12,1.09,1.07,1.06,1.02,0.98,0.95
South Asia,SAS,"Unemployment, male (% of male labor force) (modeled ILO estimate)",SL.UEM.TOTL.MA.ZS,,,,,,,,,,,,,,,,,,,,,,,,,,,,,,,,4.994741802,4.995707698,5.097034519,5.093355845,5.066958419,5.066339759,5.101569332,5.07407754,5.076820024,5.11095127,5.118162246,5.195279696,5.154666388,5.065344026,4.944201614,4.774491234,4.673293933,4.738733439,4.966892007,4.865195012,4.914690317,5.034175786,5.159797715,4.997059968,5.062630963,5.059822191,5.045565481,5.012239643,4.94970239
Saudi Arabia,SAU,"Unemployment, male (% of male labor force) (modeled ILO estimate)",SL.UEM.TOTL.MA.ZS,,,,,,,,,,,,,,,,,,,,,,,,,,,,,,,,7.48,7.47,6.84,6.32,5.79,5.29,4.76,4.21,3.7,3.79,3.89,4.26,4.41,4.54,4.65,4.74,4.25,3.59,3.59,3.48,3.33,2.64,2.79,2.78,2.47,2.52,3.07,2.93,2.97
Sudan,SDN,"Unemployment, male (% of male labor force) (modeled ILO estimate)",SL.UEM.TOTL.MA.ZS,,,,,,,,,,,,,,,,,,,,,,,,,,,,,,,,13.46,13.51,13.66,13.65,13.55,13.56,13.55,13.51,13.63,13.53,13.47,13.59,13.57,13.5,13.38,13.16,12.97,12.89,8.99,10.47,12.2,12.39,12.1,11.96,11.91,11.79,11.66,11.56,11.44
Senegal,SEN,"Unemployment, male (% of male labor force) (modeled ILO estimate)",SL.UEM.TOTL.MA.ZS,,,,,,,,,,,,,,,,,,,,,,,,,,,,,,,,4.47,4.51,4.56,4.57,4.53,4.57,4.53,4.51,4.55,4.53,4.48,4.53,5.31,6.23,7.12,8.01,7.83,7.8,8.15,8.18,8.21,7.77,7.42,6.86,6.39,6.34,6.23,6.15,6.09
Singapore,SGP,"Unemployment, male (% of male labor force) (modeled ILO estimate)",SL.UEM.TOTL.MA.ZS,,,,,,,,,,,,,,,,,,,,,,,,,,,,,,,,2.18,3.03,2.87,2.78,3.21,3.38,2.43,3.24,4.63,3.85,3.68,5.56,5.75,5.59,5.23,4.16,3.61,3.64,5.4,3.92,3.59,3.37,3.48,3.48,3.66,3.79,4.03,3.55,3.06
Solomon Islands,SLB,"Unemployment, male (% of male labor force) (modeled ILO estimate)",SL.UEM.TOTL.MA.ZS,,,,,,,,,,,,,,,,,,,,,,,,,,,,,,,,2.2,2.21,2.34,2.34,2.33,2.39,2.39,2.38,2.42,2.48,2.43,2.43,2.35,2.3,2.2,2.15,2.04,2,2.26,1.65,1.22,0.95,0.67,0.67,0.65,0.63,0.61,0.6,0.59
Sierra Leone,SLE,"Unemployment, male (% of male labor force) (modeled ILO estimate)",SL.UEM.TOTL.MA.ZS,,,,,,,,,,,,,,,,,,,,,,,,,,,,,,,,4.43,4.42,4.52,4.55,4.57,4.53,4.53,4.53,4.58,4.53,4.52,4.58,4.59,4.55,4.59,4.6,4.64,4.7,4.99,5.03,5.09,5.26,5.49,5.51,5.43,5.32,5.26,5.2,5.14
El Salvador,SLV,"Unemployment, male (% of male labor force) (modeled ILO estimate)",SL.UEM.TOTL.MA.ZS,,,,,,,,,,,,,,,,,,,,,,,,,,,,,,,,8.11,8.31,11.73,8.43,8.68,8.37,9.53,7.94,8.13,9.06,8.11,7.41,8.33,7.79,8.86,8.41,8.26,7.44,9.01,5.42,4.93,4.23,3.96,4.9,4.38,4.83,4.66,4.19,4.15
San Marino,SMR,"Unemployment, male (% of male labor force) (modeled ILO estimate)",SL.UEM.TOTL.MA.ZS,,,,,,,,,,,,,,,,,,,,,,,,,,,,,,,,,,,,,,,,,,,,,,,,,,,,,,,,,,,,
Somalia,SOM,"Unemployment, male (% of male labor force) (modeled ILO estimate)",SL.UEM.TOTL.MA.ZS,,,,,,,,,,,,,,,,,,,,,,,,,,,,,,,,13.14,13.24,13.33,13.45,13.34,13.42,13.43,13.4,13.47,13.43,13.4,13.46,13.45,13.39,13.28,13.1,12.92,12.85,13.21,13.27,13.26,13.27,13.27,13.18,13.12,13.05,12.91,12.78,12.68
Serbia,SRB,"Unemployment, male (% of male labor force) (modeled ILO estimate)",SL.UEM.TOTL.MA.ZS,,,,,,,,,,,,,,,,,,,,,,,,,,,,,,,,11.32,11.55,11.68,11.37,11.33,11.34,12.13,11.84,11.75,10.8,11.12,12.34,14.34,15.14,16.79,17.94,15.78,11.93,14.79,18.45,22.42,23.26,20.86,18.33,16.81,14.59,12.84,11.96,9.85
Sub-Saharan Africa (excluding high income),SSA,"Unemployment, male (% of male labor force) (modeled ILO estimate)",SL.UEM.TOTL.MA.ZS,,,,,,,,,,,,,,,,,,,,,,,,,,,,,,,,6.448506445,6.509523114,6.586661373,6.591093135,6.534486137,6.525625683,6.531287935,6.481350865,6.543896058,6.492193219,6.455961007,6.440048469,6.333301546,6.000007231,5.841811563,5.615901321,5.423715031,5.226965047,5.357408689,5.565898154,5.507232577,5.484670709,5.359812968,5.316492273,5.319119523,5.704230195,5.902509237,5.964345109,6.135878811
South Sudan,SSD,"Unemployment, male (% of male labor force) (modeled ILO estimate)",SL.UEM.TOTL.MA.ZS,,,,,,,,,,,,,,,,,,,,,,,,,,,,,,,,11.35,11.47,11.6,11.63,11.62,11.66,11.63,11.63,11.7,11.64,11.62,11.7,11.67,11.61,11.52,11.36,11.22,11.15,11.48,11.48,11.52,11.41,11.29,11.34,11.23,11.08,11.01,10.94,10.89
Sub-Saharan Africa,SSF,"Unemployment, male (% of male labor force) (modeled ILO estimate)",SL.UEM.TOTL.MA.ZS,,,,,,,,,,,,,,,,,,,,,,,,,,,,,,,,6.448506445,6.509523114,6.586661373,6.591093135,6.534486137,6.525625683,6.531287935,6.481350865,6.543896058,6.492193219,6.455961007,6.440048469,6.333301546,6.000007231,5.841811563,5.615901321,5.423715031,5.226965047,5.357408689,5.565898154,5.507232577,5.484670709,5.359812968,5.316492273,5.319119523,5.704230195,5.902509237,5.964345109,6.135878811
Small states,SST,"Unemployment, male (% of male labor force) (modeled ILO estimate)",SL.UEM.TOTL.MA.ZS,,,,,,,,,,,,,,,,,,,,,,,,,,,,,,,,8.948112555,9.333907637,9.912646395,9.977520498,10.26445599,10.2071179,10.34333016,10.09880209,10.05543134,9.823540986,9.675070863,9.636207094,9.547620744,9.287781045,8.843828639,8.170340391,7.63348549,7.458245706,8.295902048,8.341707624,7.943460437,7.921723927,8.085626489,7.802265358,7.711074693,7.713037795,7.403207665,7.085372582,6.825548227
Sao Tome and Principe,STP,"Unemployment, male (% of male labor force) (modeled ILO estimate)",SL.UEM.TOTL.MA.ZS,,,,,,,,,,,,,,,,,,,,,,,,,,,,,,,,12.38,12.47,12.58,12.57,12.55,12.55,12.53,12.45,12.48,12.5,10.05,12.71,10.8,11.46,11.26,11.57,11.11,10.31,10.5,9.86,9.57,9.25,9.25,9.14,9.12,9.05,8.94,8.89,8.81
Suriname,SUR,"Unemployment, male (% of male labor force) (modeled ILO estimate)",SL.UEM.TOTL.MA.ZS,,,,,,,,,,,,,,,,,,,,,,,,,,,,,,,,14.2,14.06,11.93,11.51,7.12,7.93,7.66,7.26,10.01,9.12,8.22,7.52,6.77,6.02,5.79,5.47,5.19,4.97,5.02,3.68,4.32,5.22,3.7,3.63,4.46,4.46,4.32,4.24,4.2
Slovak Republic,SVK,"Unemployment, male (% of male labor force) (modeled ILO estimate)",SL.UEM.TOTL.MA.ZS,,,,,,,,,,,,,,,,,,,,,,,,,,,,,,,,12.69,12.91,12.52,13.29,12.56,10.24,11.11,11.9,15.98,19.44,20.08,18.67,16.98,17.74,15.46,12.28,9.9,8.36,11.38,14.2,13.61,13.52,13.97,12.82,10.32,8.77,7.9,6.13,5.59
Slovenia,SVN,"Unemployment, male (% of male labor force) (modeled ILO estimate)",SL.UEM.TOTL.MA.ZS,,,,,,,,,,,,,,,,,,,,,,,,,,,,,,,,8.06,9.39,10.33,9.36,7.42,7.13,6.38,7.32,7.2,6.79,5.4,5.63,6.02,5.68,6.06,4.89,3.96,3.99,5.9,7.42,8.16,8.39,9.42,8.92,8.05,7.49,5.77,4.6,4.01
Sweden,SWE,"Unemployment, male (% of male labor force) (modeled ILO estimate)",SL.UEM.TOTL.MA.ZS,,,,,,,,,,,,,,,,,,,,,,,,,,,,,,,,3.51,6.73,10.86,10.88,9.83,10.43,10.97,9.75,8.29,5.89,5.03,5.28,6.05,7.16,7.59,6.9,5.89,5.94,8.66,8.69,7.84,8.22,8.2,8.19,7.56,7.36,6.97,6.48,6.72
Eswatini,SWZ,"Unemployment, male (% of male labor force) (modeled ILO estimate)",SL.UEM.TOTL.MA.ZS,,,,,,,,,,,,,,,,,,,,,,,,,,,,,,,,20.18,20.21,20.42,20.51,20.4,20.13,19.8,20.3,21.03,21.7,22.33,22.85,23.53,24.09,24.45,24.83,25.34,24.93,24.88,24.28,23.85,23.14,22.73,22.29,21.63,21.07,20.87,20.69,20.65
Sint Maarten (Dutch part),SXM,"Unemployment, male (% of male labor force) (modeled ILO estimate)",SL.UEM.TOTL.MA.ZS,,,,,,,,,,,,,,,,,,,,,,,,,,,,,,,,,,,,,,,,,,,,,,,,,,,,,,,,,,,,
Seychelles,SYC,"Unemployment, male (% of male labor force) (modeled ILO estimate)",SL.UEM.TOTL.MA.ZS,,,,,,,,,,,,,,,,,,,,,,,,,,,,,,,,,,,,,,,,,,,,,,,,,,,,,,,,,,,,
Syrian Arab Republic,SYR,"Unemployment, male (% of male labor force) (modeled ILO estimate)",SL.UEM.TOTL.MA.ZS,,,,,,,,,,,,,,,,,,,,,,,,,,,,,,,,4.96,6.25,7.66,6.34,5.35,5.55,5.76,5.88,5.94,7,8.23,7.99,7.74,6.81,6,5.21,5.2,8.34,5.65,6.21,6.24,6.26,6.26,6.19,6.12,6.03,5.92,5.81,5.71
Turks and Caicos Islands,TCA,"Unemployment, male (% of male labor force) (modeled ILO estimate)",SL.UEM.TOTL.MA.ZS,,,,,,,,,,,,,,,,,,,,,,,,,,,,,,,,,,,,,,,,,,,,,,,,,,,,,,,,,,,,
Chad,TCD,"Unemployment, male (% of male labor force) (modeled ILO estimate)",SL.UEM.TOTL.MA.ZS,,,,,,,,,,,,,,,,,,,,,,,,,,,,,,,,1,1.02,1.05,1.09,1.15,1.2,1.25,1.31,1.37,1.39,1.42,1.46,1.51,1.6,1.67,1.61,1.57,1.59,1.75,1.81,1.89,1.9,1.98,1.98,2.01,2.05,1.99,1.98,1.95
East Asia & Pacific (IDA & IBRD countries),TEA,"Unemployment, male (% of male labor force) (modeled ILO estimate)",SL.UEM.TOTL.MA.ZS,,,,,,,,,,,,,,,,,,,,,,,,,,,,,,,,2.573393046,2.564754037,2.823264787,3.110245279,3.195251395,3.297828216,3.403781506,3.606922099,3.7514711,3.693107379,4.062288714,4.405671321,4.69188538,4.668551537,4.729124036,4.636381437,4.573445104,4.776072876,4.744555955,4.447494298,4.407190956,4.402867572,4.411636784,4.399095547,4.452925568,4.378457898,4.237579352,4.152786736,4.310137597
Europe & Central Asia (IDA & IBRD countries),TEC,"Unemployment, male (% of male labor force) (modeled ILO estimate)",SL.UEM.TOTL.MA.ZS,,,,,,,,,,,,,,,,,,,,,,,,,,,,,,,,6.208178138,6.451174551,7.085970043,8.490583632,9.440831003,9.909816394,10.38805207,11.27928876,11.74822813,10.9068109,10.73984122,10.72768323,10.47248912,10.19344028,9.424047827,8.692718979,7.686963728,7.411057447,9.391946427,8.880473644,8.269087661,7.756721607,7.77284601,7.908927995,7.783479674,7.635606021,7.211537046,6.746196595,6.873000253
Togo,TGO,"Unemployment, male (% of male labor force) (modeled ILO estimate)",SL.UEM.TOTL.MA.ZS,,,,,,,,,,,,,,,,,,,,,,,,,,,,,,,,4.38,4.43,4.54,4.48,4.58,4.63,4.54,4.55,4.58,4.53,4.5,4.55,4.55,4.51,4.43,4.29,3.78,3.31,3.06,2.69,2.29,2.4,2.51,2.6,2.68,3.59,4.64,4.55,4.48
Thailand,THA,"Unemployment, male (% of male labor force) (modeled ILO estimate)",SL.UEM.TOTL.MA.ZS,,,,,,,,,,,,,,,,,,,,,,,,,,,,,,,,1.98,1.24,1.22,1.13,0.9,1.03,0.85,3.41,2.99,2.44,2.69,1.98,1.62,1.62,1.47,1.3,1.28,1.3,1.02,0.62,0.65,0.62,0.21,0.59,0.59,0.67,0.82,0.78,0.7
Tajikistan,TJK,"Unemployment, male (% of male labor force) (modeled ILO estimate)",SL.UEM.TOTL.MA.ZS,,,,,,,,,,,,,,,,,,,,,,,,,,,,,,,,2.36,2.64,6.9,9.52,11.03,14.11,14.57,17.09,16.04,15.52,15.11,14.82,14.44,14,13.55,12.95,12.4,12,12.11,11.52,10.86,10.26,9.67,9.03,8.41,7.8,7.68,7.59,7.53
Turkmenistan,TKM,"Unemployment, male (% of male labor force) (modeled ILO estimate)",SL.UEM.TOTL.MA.ZS,,,,,,,,,,,,,,,,,,,,,,,,,,,,,,,,2.13,2.28,2.28,6.12,10.1,12.22,12.95,14.09,14.49,13.4,12.37,11.54,10.63,9.7,8.79,7.86,6.99,6.21,5.82,5.19,5.15,5.16,5.17,5.11,5.09,5.05,4.98,4.91,4.86
Latin America & the Caribbean (IDA & IBRD countries),TLA,"Unemployment, male (% of male labor force) (modeled ILO estimate)",SL.UEM.TOTL.MA.ZS,,,,,,,,,,,,,,,,,,,,,,,,,,,,,,,,5.16231679,5.104295584,5.125828176,5.526755563,6.555540584,6.715617133,6.410150501,6.860866121,7.755869606,7.755112227,7.503233321,7.866070427,7.493141977,6.851141717,6.536191835,5.9365976,5.569854037,5.302150722,6.291813914,5.758435761,5.358807679,5.394803971,5.393083569,5.344995848,5.793260344,6.862320109,7.101527366,6.963065701,6.937936575
Timor-Leste,TLS,"Unemployment, male (% of male labor force) (modeled ILO estimate)",SL.UEM.TOTL.MA.ZS,,,,,,,,,,,,,,,,,,,,,,,,,,,,,,,,2.62,2.66,2.72,2.74,2.73,2.73,2.77,2.8,3,2.7,2.66,2.81,2.8,2.8,2.76,2.73,2.58,2.54,2.65,2.69,2.83,2.99,3.15,3.2,3.29,3.33,3.32,3.2,3.07
Middle East & North Africa (IDA & IBRD countries),TMN,"Unemployment, male (% of male labor force) (modeled ILO estimate)",SL.UEM.TOTL.MA.ZS,,,,,,,,,,,,,,,,,,,,,,,,,,,,,,,,10.6077685,11.29371141,11.9008089,11.83646676,12.22284751,11.48445742,10.99527553,11.18756951,11.49067803,11.79421876,11.64979511,11.55739242,11.30700533,9.824581679,10.1108327,9.21098858,8.876714772,8.53346991,8.449435678,8.582367816,9.448635181,9.726520732,9.227028414,9.390934926,9.517570653,9.495811124,9.588685337,9.250233787,8.986023339
Tonga,TON,"Unemployment, male (% of male labor force) (modeled ILO estimate)",SL.UEM.TOTL.MA.ZS,,,,,,,,,,,,,,,,,,,,,,,,,,,,,,,,0.77,0.87,0.85,1.02,1.2,1.5,1.81,1.99,2.35,2.68,2.97,3.38,3.79,2.5,1.47,0.72,0.8,0.87,1.07,1.24,1.42,1.65,1.84,1.95,2.12,2.28,2.47,2.65,2.56
South Asia (IDA & IBRD),TSA,"Unemployment, male (% of male labor force) (modeled ILO estimate)",SL.UEM.TOTL.MA.ZS,,,,,,,,,,,,,,,,,,,,,,,,,,,,,,,,4.994741802,4.995707698,5.097034519,5.093355845,5.066958419,5.066339759,5.101569332,5.07407754,5.076820024,5.11095127,5.118162246,5.195279696,5.154666388,5.065344026,4.944201614,4.774491234,4.673293933,4.738733439,4.966892007,4.865195012,4.914690317,5.034175786,5.159797715,4.997059968,5.062630963,5.059822191,5.045565481,5.012239643,4.94970239
Sub-Saharan Africa (IDA & IBRD countries),TSS,"Unemployment, male (% of male labor force) (modeled ILO estimate)",SL.UEM.TOTL.MA.ZS,,,,,,,,,,,,,,,,,,,,,,,,,,,,,,,,6.448506445,6.509523114,6.586661373,6.591093135,6.534486137,6.525625683,6.531287935,6.481350865,6.543896058,6.492193219,6.455961007,6.440048469,6.333301546,6.000007231,5.841811563,5.615901321,5.423715031,5.226965047,5.357408689,5.565898154,5.507232577,5.484670709,5.359812968,5.316492273,5.319119523,5.704230195,5.902509237,5.964345109,6.135878811
Trinidad and Tobago,TTO,"Unemployment, male (% of male labor force) (modeled ILO estimate)",SL.UEM.TOTL.MA.ZS,,,,,,,,,,,,,,,,,,,,,,,,,,,,,,,,2.96,2.88,2.83,2.92,2.91,2.93,2.94,2.97,3.02,3.09,3.18,3.2,3.15,3.16,3.29,3.34,3.42,3.58,3.55,3.58,2.85,3.1,2.28,2.14,2.06,3.24,3.37,3.41,3.46
Tunisia,TUN,"Unemployment, male (% of male labor force) (modeled ILO estimate)",SL.UEM.TOTL.MA.ZS,,,,,,,,,,,,,,,,,,,,,,,,,,,,,,,,15.28,15.27,15.56,15.59,15.61,15.5,15.49,15.12,14.77,14.56,14.01,14.15,13.93,13.46,12.06,11.55,11.34,11.16,11.29,10.91,15.07,14.67,13.29,12.64,12.41,12.53,12.49,12.61,12.39
Turkey,TUR,"Unemployment, male (% of male labor force) (modeled ILO estimate)",SL.UEM.TOTL.MA.ZS,,,,,,,,,,,,,,,,,,,,,,,,,,,,,,,,8.69,8.82,8.82,8.78,7.78,6.9,6.46,6.92,7.73,6.58,8.74,10.73,10.72,10.78,10.44,8.58,8.77,9.61,12.53,10.36,8.26,7.62,7.92,9.01,9.16,9.53,9.34,9.49,12.31
Tuvalu,TUV,"Unemployment, male (% of male labor force) (modeled ILO estimate)",SL.UEM.TOTL.MA.ZS,,,,,,,,,,,,,,,,,,,,,,,,,,,,,,,,,,,,,,,,,,,,,,,,,,,,,,,,,,,,
Tanzania,TZA,"Unemployment, male (% of male labor force) (modeled ILO estimate)",SL.UEM.TOTL.MA.ZS,,,,,,,,,,,,,,,,,,,,,,,,,,,,,,,,2.85,2.85,2.94,2.98,3,3.05,3.07,3.03,3.06,3.05,3.03,2.92,2.78,2.57,2.36,2.13,2.1,2.13,2.25,2.48,2.65,2.4,2.11,1.58,1.58,1.55,1.52,1.47,1.46
Uganda,UGA,"Unemployment, male (% of male labor force) (modeled ILO estimate)",SL.UEM.TOTL.MA.ZS,,,,,,,,,,,,,,,,,,,,,,,,,,,,,,,,1.25,1.14,1.37,1.56,1.73,1.91,2.07,2.21,2.37,2.49,2.54,2.71,2.74,2.23,1.71,2,2.21,2.51,3.07,3,2.92,2.86,1.38,1.38,1.36,1.36,1.3,1.27,1.24
Ukraine,UKR,"Unemployment, male (% of male labor force) (modeled ILO estimate)",SL.UEM.TOTL.MA.ZS,,,,,,,,,,,,,,,,,,,,,,,,,,,,,,,,2.44,2.44,2.58,2.64,6.28,8.01,9.45,11.85,12.32,12.05,11.39,10.48,9.37,8.87,7.51,7,6.68,6.62,10.28,9.29,8.89,8.48,8.04,10.85,10.1,10.84,11.09,10.03,8.5
Upper middle income,UMC,"Unemployment, male (% of male labor force) (modeled ILO estimate)",SL.UEM.TOTL.MA.ZS,,,,,,,,,,,,,,,,,,,,,,,,,,,,,,,,3.967872687,4.00332174,4.299829902,4.720618572,5.080839926,5.177621075,5.266242657,5.528655564,5.747078945,5.5321989,5.813680068,6.113735698,6.286984343,6.038100507,5.930764516,5.685015567,5.44349659,5.56459706,6.091820163,5.753773328,5.586346604,5.601366863,5.599934856,5.601499234,5.736330071,5.940214139,5.925313408,5.786911459,6.072312349
Uruguay,URY,"Unemployment, male (% of male labor force) (modeled ILO estimate)",SL.UEM.TOTL.MA.ZS,,,,,,,,,,,,,,,,,,,,,,,,,,,,,,,,7.12,6.95,6.89,6.96,7.04,7.19,7.11,7.18,8.09,10.19,11.36,13.31,13.42,10.18,9.45,8.22,6.79,5.69,5.56,5.31,4.86,4.94,5.01,5.07,6.37,6.5,6.56,6.87,7.69
United States,USA,"Unemployment, male (% of male labor force) (modeled ILO estimate)",SL.UEM.TOTL.MA.ZS,,,,,,,,,,,,,,,,,,,,,,,,,,,,,,,,7.15,7.9,7.17,6.17,5.63,5.44,4.94,4.42,4.12,3.9,4.8,5.93,6.27,5.64,5.07,4.62,4.73,6.1,10.28,10.51,9.37,8.22,7.63,6.26,5.37,4.94,4.4,3.95,3.72
Uzbekistan,UZB,"Unemployment, male (% of male labor force) (modeled ILO estimate)",SL.UEM.TOTL.MA.ZS,,,,,,,,,,,,,,,,,,,,,,,,,,,,,,,,1.82,2.78,4.48,6.51,6.84,9.17,9.29,11.24,11.26,10.23,9.26,8.43,7.58,6.67,5.86,5.05,4.31,4.23,4.33,4.68,5.12,5.02,5.02,5.22,5.32,5.32,5.96,5.82,5.75
St. Vincent and the Grenadines,VCT,"Unemployment, male (% of male labor force) (modeled ILO estimate)",SL.UEM.TOTL.MA.ZS,,,,,,,,,,,,,,,,,,,,,,,,,,,,,,,,18.45,18.7,19.38,20.01,20.06,20.68,20.95,21.32,21.89,22.26,22.64,22.3,22.01,21.8,21.5,20.9,20.57,20.39,20.92,21,20.89,20.85,20.82,20.8,20.7,20.59,20.41,20.21,20.07
"Venezuela, RB",VEN,"Unemployment, male (% of male labor force) (modeled ILO estimate)",SL.UEM.TOTL.MA.ZS,,,,,,,,,,,,,,,,,,,,,,,,,,,,,,,,9.53,8.15,7.15,7.96,8.82,10.21,9.66,9.83,13.35,13.62,12.38,14.51,14.55,13.29,10.04,8.11,7.05,6.26,6.18,7.22,6.7,6.27,6.83,6.83,6.78,6.96,6.9,6.78,6.83
British Virgin Islands,VGB,"Unemployment, male (% of male labor force) (modeled ILO estimate)",SL.UEM.TOTL.MA.ZS,,,,,,,,,,,,,,,,,,,,,,,,,,,,,,,,,,,,,,,,,,,,,,,,,,,,,,,,,,,,
Virgin Islands (U.S.),VIR,"Unemployment, male (% of male labor force) (modeled ILO estimate)",SL.UEM.TOTL.MA.ZS,,,,,,,,,,,,,,,,,,,,,,,,,,,,,,,,6.05,6.05,5.97,5.97,5.99,6.01,6.05,6.1,6.21,6.25,6.35,6.4,6.44,6.5,6.51,6.58,6.67,6.76,6.81,6.85,6.88,7.14,7.2,7.1,7.07,7.16,7.29,7.45,7.47
Vietnam,VNM,"Unemployment, male (% of male labor force) (modeled ILO estimate)",SL.UEM.TOTL.MA.ZS,,,,,,,,,,,,,,,,,,,,,,,,,,,,,,,,2.21,2.15,2.19,2.18,2.15,2.15,3.18,2.42,2.26,2.37,2.28,1.92,1.89,1.86,1.98,2.07,2.11,1.94,1.89,1.15,1.09,1.11,1.48,1.4,1.98,1.99,2.03,1.28,2.07
Vanuatu,VUT,"Unemployment, male (% of male labor force) (modeled ILO estimate)",SL.UEM.TOTL.MA.ZS,,,,,,,,,,,,,,,,,,,,,,,,,,,,,,,,4.2,4.26,4.39,4.28,4.41,4.39,4.34,4.4,4.45,4.32,4.45,4.52,4.36,4.29,4.19,4,3.94,3.84,4.11,2.07,2.09,2.09,2.09,2.06,2.04,2,1.95,1.92,1.9
World,WLD,"Unemployment, male (% of male labor force) (modeled ILO estimate)",SL.UEM.TOTL.MA.ZS,,,,,,,,,,,,,,,,,,,,,,,,,,,,,,,,4.79885146,4.958234919,5.241083332,5.440885602,5.533092449,5.586880584,5.574487223,5.720189573,5.846537242,5.689641046,5.780656997,6.024282222,6.079058403,5.853545117,5.721131548,5.429804215,5.206785567,5.295796236,5.951668554,5.81161882,5.683127889,5.682845272,5.673264002,5.527920001,5.506488489,5.529772608,5.4209282,5.269484116,5.276829137
Samoa,WSM,"Unemployment, male (% of male labor force) (modeled ILO estimate)",SL.UEM.TOTL.MA.ZS,,,,,,,,,,,,,,,,,,,,,,,,,,,,,,,,1.88,2.05,2.32,2.52,2.74,2.98,3.31,3.57,3.91,4.11,4.36,4.49,4.57,4.64,4.63,4.66,4.67,4.66,5.08,5.16,5.14,7.91,7.98,7.86,7.8,7.64,7.6,7.51,7.39
Kosovo,XKX,"Unemployment, male (% of male labor force) (modeled ILO estimate)",SL.UEM.TOTL.MA.ZS,,,,,,,,,,,,,,,,,,,,,,,,,,,,,,,,,,,,,,,,,,,,,,,,,,,,,,,,,,,,
"Yemen, Rep.",YEM,"Unemployment, male (% of male labor force) (modeled ILO estimate)",SL.UEM.TOTL.MA.ZS,,,,,,,,,,,,,,,,,,,,,,,,,,,,,,,,9.22,9.26,9.35,9.37,9.96,10.58,11.18,11.79,12.46,12.32,12.23,12.22,12.16,12.05,11.92,11.74,11.57,11.5,11.88,11.96,12.13,12.17,12.28,12.33,12.4,12.26,12.11,11.95,11.85
South Africa,ZAF,"Unemployment, male (% of male labor force) (modeled ILO estimate)",SL.UEM.TOTL.MA.ZS,,,,,,,,,,,,,,,,,,,,,,,,,,,,,,,,25.88,26.05,26.01,25.87,25.8,25.7,25.74,25.84,25.76,25.54,26.44,27.34,27.07,24.3,23.51,22.54,21.44,19.74,21.92,22.87,22.59,22.87,22.97,23.16,23.21,24.54,25.2,25.14,26.78
Zambia,ZMB,"Unemployment, male (% of male labor force) (modeled ILO estimate)",SL.UEM.TOTL.MA.ZS,,,,,,,,,,,,,,,,,,,,,,,,,,,,,,,,16.08,17.4,18.9,17.92,16.16,14.83,13.66,12.45,13.32,14.27,14.77,15.32,15.7,16.1,16.49,13.23,10.46,8.13,10.52,12.97,10.21,7.74,8.4,9,9.59,10.21,10.75,10.85,10.81
Zimbabwe,ZWE,"Unemployment, male (% of male labor force) (modeled ILO estimate)",SL.UEM.TOTL.MA.ZS,,,,,,,,,,,,,,,,,,,,,,,,,,,,,,,,6.48,6.54,6.62,6.68,7.34,7.96,8.63,7.87,7.23,6.55,5.91,5.38,4.82,4.26,4.31,4.34,4.36,4.41,4.53,4.65,4.73,4.72,4.74,4.65,4.63,4.58,4.52,4.5,4.46
